length_split,accuracy,total_queries,hits,embedding_time,indexing_time,query_embed_time,search_time,chunking_total_time,chunking_avg_time_per_example,total_examples_processed,sample_idx,queries,context_chunks,f1_top10
1k,1.0,100.0,100.0,0.0,0.00018,0.0,2e-05,,,,,,,
,,,,,,,,0.1071,1.07,100.0,,,,
2k,1.0,100.0,100.0,0.0,0.00045,0.0,3e-05,,,,,,,
,,,,,,,,0.2414,2.41,100.0,,,,
4k,1.0,100.0,100.0,0.0,0.00091,0.0,4e-05,,,,,,,
,,,,,,,,0.5363,5.36,100.0,,,,
8k,1.0,100.0,100.0,0.0,0.00183,0.0,6e-05,,,,,,,
,,,,,,,,1.1012,11.01,100.0,,,,
16k,1.0,100.0,100.0,0.0,0.00347,0.0,0.0001,,,,,,,
,,,,,,,,2.2231,22.23,100.0,,,,
32k,1.0,100.0,100.0,0.0,0.00682,0.0,0.00019,,,,,,,
,,,,,,,,4.5159,45.16,100.0,,,,
64k,1.0,100.0,100.0,0.0,0.01344,0.0,0.00031,,,,,,,
,,,,,,,,9.4591,94.59,100.0,,,,
128k,1.0,100.0,100.0,0.0,0.02687,0.0,0.00058,,,,,,,
,,,,,,,,20.5477,205.48,100.0,,,,
256k,1.0,100.0,100.0,0.0,0.05745,0.0,0.00124,,,,,,,
,,,,,,,,48.0886,480.89,100.0,,,,
512k,1.0,100.0,100.0,0.0,0.0943,0.0,0.0026,,,,,,,
,,,,,,,,114.7887,1147.89,100.0,,,,
1M,1.0,100.0,100.0,0.0,0.20694,0.0,0.00732,,,,,,,
,,,,,,,,255.7882,2557.88,100.0,,,,
0k,0.97,100.0,97.0,0.0,1e-05,0.0,2e-05,,,,,,,
,,,,,,,,0.0208,0.21,100.0,,,,
1k,1.0,100.0,100.0,0.0,0.00024,0.0,4e-05,,,,,,,
,,,,,,,,0.111,1.11,100.0,,,,
2k,1.0,100.0,100.0,0.0,0.00057,0.0,6e-05,,,,,,,
,,,,,,,,0.2464,2.46,100.0,,,,
4k,0.99,100.0,99.0,0.0,0.0011,0.0,0.00012,,,,,,,
,,,,,,,,0.5478,5.48,100.0,,,,
8k,1.0,100.0,100.0,0.0,0.00227,0.0,0.00022,,,,,,,
,,,,,,,,1.1628,11.63,100.0,,,,
16k,0.99,100.0,99.0,0.0,0.00442,0.0,0.00043,,,,,,,
,,,,,,,,2.2115,22.12,100.0,,,,
32k,1.0,100.0,100.0,0.0,0.00878,0.0,0.00098,,,,,,,
,,,,,,,,4.5088,45.09,100.0,,,,
64k,1.0,100.0,100.0,0.0,0.01621,0.0,0.00184,,,,,,,
,,,,,,,,10.006,100.06,100.0,,,,
128k,0.98,100.0,98.0,0.0,0.03459,0.0,0.00366,,,,,,,
,,,,,,,,21.6789,216.79,100.0,,,,
256k,1.0,100.0,100.0,0.0,0.06845,0.0,0.00764,,,,,,,
,,,,,,,,46.5669,465.67,100.0,,,,
512k,1.0,100.0,100.0,0.0,0.12829,0.0,0.01474,,,,,,,
,,,,,,,,113.9991,1139.99,100.0,,,,
1M,1.0,100.0,100.0,0.0,0.61619,0.0,0.03243,,,,,,,
,,,,,,,,250.9748,2509.75,100.0,,,,
1k,1.0,100.0,100.0,0.0,0.00021,0.0,3e-05,,,,,,,
,,,,,,,,0.1116,1.12,100.0,,,,
2k,1.0,100.0,100.0,0.0,0.00052,0.0,5e-05,,,,,,,
,,,,,,,,0.2507,2.51,100.0,,,,
4k,1.0,100.0,100.0,0.0,0.00102,0.0,7e-05,,,,,,,
,,,,,,,,0.5642,5.64,100.0,,,,
8k,1.0,100.0,100.0,0.0,0.00207,0.0,0.00014,,,,,,,
,,,,,,,,1.0864,10.86,100.0,,,,
16k,0.99,100.0,99.0,0.0,0.00404,0.0,0.00026,,,,,,,
,,,,,,,,2.339,23.39,100.0,,,,
32k,1.0,100.0,100.0,0.0,0.00837,0.0,0.00058,,,,,,,
,,,,,,,,5.0651,50.65,100.0,,,,
64k,1.0,100.0,100.0,0.0,0.01497,0.0,0.00091,,,,,,,
,,,,,,,,9.3859,93.86,100.0,,,,
128k,1.0,100.0,100.0,0.0,0.03179,0.0,0.00207,,,,,,,
,,,,,,,,20.534,205.34,100.0,,,,
256k,1.0,100.0,100.0,0.0,0.06123,0.0,0.00439,,,,,,,
,,,,,,,,48.92,489.2,100.0,,,,
512k,1.0,100.0,100.0,0.0,0.10912,0.0,0.00876,,,,,,,
,,,,,,,,109.2947,1092.95,100.0,,,,
1M,1.0,100.0,100.0,0.0,0.24194,0.0,0.02011,,,,,,,
,,,,,,,,247.1682,2471.68,100.0,,,,
1k,1.0,100.0,100.0,0.0,0.00019,0.0,3e-05,,,,,,,
,,,,,,,,0.1314,1.31,100.0,,,,
2k,1.0,100.0,100.0,0.0,0.00049,0.0,3e-05,,,,,,,
,,,,,,,,0.2459,2.46,100.0,,,,
4k,1.0,100.0,100.0,0.0,0.00097,0.0,5e-05,,,,,,,
,,,,,,,,0.5513,5.51,100.0,,,,
8k,1.0,100.0,100.0,0.0,0.00192,0.0,8e-05,,,,,,,
,,,,,,,,1.0673,10.67,100.0,,,,
16k,1.0,100.0,100.0,0.0,0.00376,0.0,0.00015,,,,,,,
,,,,,,,,2.1706,21.71,100.0,,,,
32k,1.0,100.0,100.0,0.0,0.00714,0.0,0.00031,,,,,,,
,,,,,,,,4.4574,44.57,100.0,,,,
64k,1.0,100.0,100.0,0.0,0.01379,0.0,0.00054,,,,,,,
,,,,,,,,9.8337,98.34,100.0,,,,
128k,1.0,100.0,100.0,0.0,0.02911,0.0,0.00108,,,,,,,
,,,,,,,,20.5388,205.39,100.0,,,,
256k,1.0,100.0,100.0,0.0,0.05721,0.0,0.00263,,,,,,,
,,,,,,,,47.1214,471.21,100.0,,,,
512k,1.0,100.0,100.0,0.0,0.10429,0.0,0.00614,,,,,,,
,,,,,,,,112.9692,1129.69,100.0,,,,
1M,1.0,100.0,100.0,0.0,0.22258,0.0,0.01377,,,,,,,
,,,,,,,,234.2645,2342.65,100.0,,,,
,,,,0.0,0.03,0.0,0.02,,,,0.0,10.0,939.0,0.0324
,,,,,,,,4.0694,20.35,200.0,,,,
,,,,0.0,0.03,0.0,0.02,,,,1.0,10.0,1020.0,0.04
,,,,,,,,4.0694,20.35,200.0,,,,
,,,,0.0,0.03,0.0,0.02,,,,2.0,11.0,941.0,0.0394
,,,,,,,,4.0694,20.35,200.0,,,,
,,,,0.0,0.03,0.0,0.02,,,,3.0,9.0,989.0,0.029
,,,,,,,,4.0694,20.35,200.0,,,,
,,,,0.0,0.03,0.0,0.02,,,,4.0,10.0,995.0,0.0343
,,,,,,,,4.0694,20.35,200.0,,,,
,,,,0.0,0.03,0.0,0.02,,,,5.0,10.0,905.0,0.0207
,,,,,,,,4.0694,20.35,200.0,,,,
,,,,0.0,0.03,0.0,0.01,,,,6.0,10.0,997.0,0.0168
,,,,,,,,4.0694,20.35,200.0,,,,
,,,,0.0,0.03,0.0,0.02,,,,7.0,12.0,1012.0,0.0332
,,,,,,,,4.0694,20.35,200.0,,,,
,,,,0.0,0.03,0.0,0.02,,,,8.0,10.0,959.0,0.0294
,,,,,,,,4.0694,20.35,200.0,,,,
,,,,0.0,0.03,0.0,0.02,,,,9.0,9.0,961.0,0.0142
,,,,,,,,4.0694,20.35,200.0,,,,
,,,,0.0,0.03,0.0,0.02,,,,10.0,9.0,940.0,0.0301
,,,,,,,,4.0694,20.35,200.0,,,,
,,,,0.0,0.03,0.0,0.02,,,,11.0,10.0,1013.0,0.0419
,,,,,,,,4.0694,20.35,200.0,,,,
,,,,0.0,0.03,0.0,0.02,,,,12.0,13.0,1016.0,0.0476
,,,,,,,,4.0694,20.35,200.0,,,,
,,,,0.0,0.03,0.0,0.02,,,,13.0,10.0,1011.0,0.0368
,,,,,,,,4.0694,20.35,200.0,,,,
,,,,0.0,0.03,0.0,0.02,,,,14.0,9.0,992.0,0.0303
,,,,,,,,4.0694,20.35,200.0,,,,
,,,,0.0,0.03,0.0,0.02,,,,15.0,11.0,920.0,0.0467
,,,,,,,,4.0694,20.35,200.0,,,,
,,,,0.0,0.03,0.0,0.02,,,,16.0,10.0,971.0,0.0384
,,,,,,,,4.0694,20.35,200.0,,,,
,,,,0.0,0.03,0.0,0.02,,,,17.0,11.0,1021.0,0.025
,,,,,,,,4.0694,20.35,200.0,,,,
,,,,0.0,0.03,0.0,0.01,,,,18.0,11.0,951.0,0.0274
,,,,,,,,4.0694,20.35,200.0,,,,
,,,,0.0,0.01,0.0,0.0,,,,19.0,5.0,382.0,0.0201
,,,,,,,,4.0694,20.35,200.0,,,,
,,,,0.0,0.03657,0.0,0.16128,,,,0.0,10.0,7550.0,0.1102
,,,,,,,,3.9103,19.55,200.0,,,,
,,,,0.0,0.03991,0.0,0.13919,,,,1.0,9.0,7284.0,0.0948
,,,,,,,,3.9103,19.55,200.0,,,,
,,,,0.0,0.03491,0.0,0.17484,,,,2.0,11.0,7512.0,0.1948
,,,,,,,,3.9103,19.55,200.0,,,,
,,,,0.0,0.03711,0.0,0.13496,,,,3.0,9.0,8001.0,0.1238
,,,,,,,,3.9103,19.55,200.0,,,,
,,,,0.0,0.04078,0.0,0.15622,,,,4.0,10.0,8004.0,0.1248
,,,,,,,,3.9103,19.55,200.0,,,,
,,,,0.0,0.0355,0.0,0.15012,,,,5.0,10.0,7478.0,0.1195
,,,,,,,,3.9103,19.55,200.0,,,,
,,,,0.0,0.03742,0.0,0.13087,,,,6.0,10.0,7759.0,0.044
,,,,,,,,3.9103,19.55,200.0,,,,
,,,,0.0,0.03965,0.0,0.16208,,,,7.0,12.0,8107.0,0.1237
,,,,,,,,3.9103,19.55,200.0,,,,
,,,,0.0,0.03703,0.0,0.17106,,,,8.0,10.0,7719.0,0.0398
,,,,,,,,3.9103,19.55,200.0,,,,
,,,,0.0,0.03817,0.0,0.13206,,,,9.0,9.0,7789.0,0.0449
,,,,,,,,3.9103,19.55,200.0,,,,
,,,,0.0,0.0386,0.0,0.14921,,,,10.0,9.0,7793.0,0.1132
,,,,,,,,3.9103,19.55,200.0,,,,
,,,,0.0,0.03806,0.0,0.15541,,,,11.0,10.0,7891.0,0.115
,,,,,,,,3.9103,19.55,200.0,,,,
,,,,0.0,0.17027,0.0,0.17759,,,,12.0,12.0,7600.0,0.1344
,,,,,,,,3.9103,19.55,200.0,,,,
,,,,0.0,0.03995,0.0,0.15217,,,,13.0,10.0,7706.0,0.0634
,,,,,,,,3.9103,19.55,200.0,,,,
,,,,0.0,0.04119,0.0,0.13883,,,,14.0,9.0,8053.0,0.0428
,,,,,,,,3.9103,19.55,200.0,,,,
,,,,0.0,0.03965,0.0,0.18284,,,,15.0,11.0,7934.0,0.138
,,,,,,,,3.9103,19.55,200.0,,,,
,,,,0.0,0.0357,0.0,0.15387,,,,16.0,10.0,7231.0,0.0959
,,,,,,,,3.9103,19.55,200.0,,,,
,,,,0.0,0.0356,0.0,0.11551,,,,17.0,9.0,7270.0,0.1363
,,,,,,,,3.9103,19.55,200.0,,,,
,,,,0.0,0.03922,0.0,0.14806,,,,18.0,11.0,8073.0,0.0984
,,,,,,,,3.9103,19.55,200.0,,,,
,,,,0.0,0.0273,0.0,0.09153,,,,19.0,9.0,5424.0,0.0923
,,,,,,,,3.9103,19.55,200.0,,,,
,,,,0.0,0.03,0.0,0.07,,,,0.0,10.0,3772.0,0.0751
,,,,,,,,3.9967,19.98,200.0,,,,
,,,,0.0,0.04,0.0,0.07,,,,1.0,9.0,3639.0,0.1184
,,,,,,,,3.9967,19.98,200.0,,,,
,,,,0.0,0.03,0.0,0.08,,,,2.0,11.0,3755.0,0.1178
,,,,,,,,3.9967,19.98,200.0,,,,
,,,,0.0,0.03,0.0,0.08,,,,3.0,9.0,3999.0,0.0751
,,,,,,,,3.9967,19.98,200.0,,,,
,,,,0.0,0.04,0.0,0.08,,,,4.0,10.0,3999.0,0.0696
,,,,,,,,3.9967,19.98,200.0,,,,
,,,,0.0,0.04,0.0,0.1,,,,5.0,11.0,4095.0,0.0663
,,,,,,,,3.9967,19.98,200.0,,,,
,,,,0.0,0.15,0.0,0.07,,,,6.0,10.0,4004.0,0.0479
,,,,,,,,3.9967,19.98,200.0,,,,
,,,,0.0,0.04,0.0,0.1,,,,7.0,12.0,4059.0,0.0957
,,,,,,,,3.9967,19.98,200.0,,,,
,,,,0.0,0.03,0.0,0.08,,,,8.0,10.0,3854.0,0.0468
,,,,,,,,3.9967,19.98,200.0,,,,
,,,,0.0,0.03,0.0,0.07,,,,9.0,9.0,3856.0,0.0594
,,,,,,,,3.9967,19.98,200.0,,,,
,,,,0.0,0.03,0.0,0.07,,,,10.0,9.0,3774.0,0.0744
,,,,,,,,3.9967,19.98,200.0,,,,
,,,,0.0,0.04,0.0,0.09,,,,11.0,10.0,4058.0,0.0992
,,,,,,,,3.9967,19.98,200.0,,,,
,,,,0.0,0.04,0.0,0.11,,,,12.0,13.0,4089.0,0.1214
,,,,,,,,3.9967,19.98,200.0,,,,
,,,,0.0,0.04,0.0,0.09,,,,13.0,10.0,4061.0,0.0702
,,,,,,,,3.9967,19.98,200.0,,,,
,,,,0.0,0.04,0.0,0.07,,,,14.0,9.0,3983.0,0.0861
,,,,,,,,3.9967,19.98,200.0,,,,
,,,,0.0,0.03,0.0,0.09,,,,15.0,11.0,3693.0,0.0658
,,,,,,,,3.9967,19.98,200.0,,,,
,,,,0.0,0.03,0.0,0.08,,,,16.0,10.0,3899.0,0.0777
,,,,,,,,3.9967,19.98,200.0,,,,
,,,,0.0,0.03,0.0,0.08,,,,17.0,10.0,3735.0,0.0818
,,,,,,,,3.9967,19.98,200.0,,,,
,,,,0.0,0.03,0.0,0.05,,,,18.0,11.0,3695.0,0.0641
,,,,,,,,3.9967,19.98,200.0,,,,
,,,,0.0,0.02,0.0,0.02,,,,19.0,6.0,2020.0,0.0215
,,,,,,,,3.9967,19.98,200.0,,,,
,,,,0.0,0.03,0.0,0.04,,,,0.0,10.0,1884.0,0.0552
,,,,,,,,4.0533,20.27,200.0,,,,
,,,,0.0,0.04,0.0,0.04,,,,1.0,10.0,2047.0,0.0745
,,,,,,,,4.0533,20.27,200.0,,,,
,,,,0.0,0.03,0.0,0.04,,,,2.0,11.0,1887.0,0.0552
,,,,,,,,4.0533,20.27,200.0,,,,
,,,,0.0,0.03,0.0,0.03,,,,3.0,9.0,1984.0,0.0627
,,,,,,,,4.0533,20.27,200.0,,,,
,,,,0.0,0.03,0.0,0.03,,,,4.0,10.0,1997.0,0.056
,,,,,,,,4.0533,20.27,200.0,,,,
,,,,0.0,0.03,0.0,0.03,,,,5.0,10.0,1813.0,0.0396
,,,,,,,,4.0533,20.27,200.0,,,,
,,,,0.0,0.03,0.0,0.03,,,,6.0,10.0,1999.0,0.0173
,,,,,,,,4.0533,20.27,200.0,,,,
,,,,0.0,0.03,0.0,0.04,,,,7.0,12.0,2029.0,0.0537
,,,,,,,,4.0533,20.27,200.0,,,,
,,,,0.0,0.03,0.0,0.03,,,,8.0,10.0,1924.0,0.0498
,,,,,,,,4.0533,20.27,200.0,,,,
,,,,0.0,0.03,0.0,0.04,,,,9.0,9.0,1925.0,0.0285
,,,,,,,,4.0533,20.27,200.0,,,,
,,,,0.0,0.04,0.0,0.04,,,,10.0,9.0,1886.0,0.0466
,,,,,,,,4.0533,20.27,200.0,,,,
,,,,0.0,0.04,0.0,0.05,,,,11.0,10.0,2027.0,0.0709
,,,,,,,,4.0533,20.27,200.0,,,,
,,,,0.0,0.04,0.0,0.05,,,,12.0,13.0,2040.0,0.0828
,,,,,,,,4.0533,20.27,200.0,,,,
,,,,0.0,0.05,0.0,0.04,,,,13.0,10.0,2028.0,0.0468
,,,,,,,,4.0533,20.27,200.0,,,,
,,,,0.0,0.04,0.0,0.04,,,,14.0,9.0,1988.0,0.0506
,,,,,,,,4.0533,20.27,200.0,,,,
,,,,0.0,0.04,0.0,0.05,,,,15.0,11.0,1844.0,0.0548
,,,,,,,,4.0533,20.27,200.0,,,,
,,,,0.0,0.04,0.0,0.04,,,,16.0,10.0,1947.0,0.0773
,,,,,,,,4.0533,20.27,200.0,,,,
,,,,0.0,0.04,0.0,0.05,,,,17.0,11.0,2048.0,0.0429
,,,,,,,,4.0533,20.27,200.0,,,,
,,,,0.0,0.05,0.0,0.03,,,,18.0,11.0,1908.0,0.0379
,,,,,,,,4.0533,20.27,200.0,,,,
,,,,0.0,0.02,0.0,0.01,,,,19.0,5.0,765.0,0.0387
,,,,,,,,4.0533,20.27,200.0,,,,
1k,1.0,100.0,100.0,0.00457,0.0,0.00348,2e-05,,,,,,,
,,,,,,,,0.1114,1.11,100.0,,,,
2k,1.0,100.0,100.0,0.00619,0.0,0.00344,2e-05,,,,,,,
,,,,,,,,0.2518,2.52,100.0,,,,
4k,1.0,100.0,100.0,0.00882,0.0,0.00354,2e-05,,,,,,,
,,,,,,,,0.5249,5.25,100.0,,,,
8k,1.0,100.0,100.0,0.01847,0.0,0.00316,2e-05,,,,,,,
,,,,,,,,1.0779,10.78,100.0,,,,
16k,1.0,100.0,100.0,0.03458,0.0,0.00348,3e-05,,,,,,,
,,,,,,,,2.3655,23.66,100.0,,,,
32k,1.0,100.0,100.0,0.08746,0.0,0.00369,0.00025,,,,,,,
,,,,,,,,4.6354,46.35,100.0,,,,
64k,1.0,100.0,100.0,0.15835,0.0,0.00334,0.00031,,,,,,,
,,,,,,,,9.4269,94.27,100.0,,,,
128k,1.0,100.0,100.0,0.3091,0.0,0.00418,0.00033,,,,,,,
,,,,,,,,20.9496,209.5,100.0,,,,
256k,1.0,100.0,100.0,0.55482,0.0,0.00309,0.00033,,,,,,,
,,,,,,,,50.5121,505.12,100.0,,,,
512k,1.0,100.0,100.0,1.06495,0.0,0.00311,0.00036,,,,,,,
,,,,,,,,115.4664,1154.66,100.0,,,,
1M,1.0,100.0,100.0,2.08126,0.0,0.00336,0.00048,,,,,,,
,,,,,,,,241.8127,2418.13,100.0,,,,
0k,0.97,100.0,97.0,0.00306,0.0,0.00285,2e-05,,,,,,,
,,,,,,,,0.0205,0.2,100.0,,,,
1k,1.0,100.0,100.0,0.01029,0.0,0.00344,2e-05,,,,,,,
,,,,,,,,0.1101,1.1,100.0,,,,
2k,1.0,100.0,100.0,0.02214,0.0,0.00352,3e-05,,,,,,,
,,,,,,,,0.2556,2.56,100.0,,,,
4k,1.0,100.0,100.0,0.04735,0.0,0.00508,4e-05,,,,,,,
,,,,,,,,0.5382,5.38,100.0,,,,
8k,1.0,100.0,100.0,0.1026,0.0,0.00516,5e-05,,,,,,,
,,,,,,,,1.1536,11.54,100.0,,,,
16k,1.0,100.0,100.0,0.17973,0.0,0.00378,0.00045,,,,,,,
,,,,,,,,2.3439,23.44,100.0,,,,
32k,0.99,100.0,99.0,0.35831,0.0,0.00325,0.00032,,,,,,,
,,,,,,,,4.9166,49.17,100.0,,,,
64k,1.0,100.0,100.0,0.62005,0.0,0.00312,0.00036,,,,,,,
,,,,,,,,9.8046,98.05,100.0,,,,
128k,1.0,100.0,100.0,1.29385,0.0,0.00338,0.00048,,,,,,,
,,,,,,,,21.1462,211.46,100.0,,,,
256k,1.0,100.0,100.0,2.56791,0.0,0.00364,0.00071,,,,,,,
,,,,,,,,46.2926,462.93,100.0,,,,
512k,1.0,100.0,100.0,5.30292,0.0,0.00443,0.00092,,,,,,,
,,,,,,,,110.986,1109.86,100.0,,,,
1M,0.99,100.0,99.0,10.65497,0.0,0.00441,0.00172,,,,,,,
,,,,,,,,242.9184,2429.18,100.0,,,,
1k,1.0,100.0,100.0,0.00567,0.0,0.00349,2e-05,,,,,,,
,,,,,,,,0.1121,1.12,100.0,,,,
2k,1.0,100.0,100.0,0.01154,0.0,0.00363,2e-05,,,,,,,
,,,,,,,,0.2452,2.45,100.0,,,,
4k,1.0,100.0,100.0,0.02758,0.0,0.00494,3e-05,,,,,,,
,,,,,,,,0.5297,5.3,100.0,,,,
8k,1.0,100.0,100.0,0.05139,0.0,0.00357,0.00017,,,,,,,
,,,,,,,,1.1998,12.0,100.0,,,,
16k,1.0,100.0,100.0,0.09888,0.0,0.00366,4e-05,,,,,,,
,,,,,,,,2.283,22.83,100.0,,,,
32k,1.0,100.0,100.0,0.22105,0.0,0.00353,0.00033,,,,,,,
,,,,,,,,4.6783,46.78,100.0,,,,
64k,1.0,100.0,100.0,0.37724,0.0,0.00358,0.00035,,,,,,,
,,,,,,,,9.7012,97.01,100.0,,,,
128k,1.0,100.0,100.0,0.70081,0.0,0.00311,0.00036,,,,,,,
,,,,,,,,21.5037,215.04,100.0,,,,
256k,1.0,100.0,100.0,1.34419,0.0,0.00331,0.00044,,,,,,,
,,,,,,,,45.7561,457.56,100.0,,,,
512k,1.0,100.0,100.0,2.56599,0.0,0.0035,0.0006,,,,,,,
,,,,,,,,109.4323,1094.32,100.0,,,,
1M,1.0,100.0,100.0,5.76374,0.0,0.00484,0.00104,,,,,,,
,,,,,,,,250.7708,2507.71,100.0,,,,
1k,1.0,100.0,100.0,0.00476,0.0,0.00331,2e-05,,,,,,,
,,,,,,,,0.1067,1.07,100.0,,,,
2k,1.0,100.0,100.0,0.00675,0.0,0.00361,2e-05,,,,,,,
,,,,,,,,0.2484,2.48,100.0,,,,
4k,1.0,100.0,100.0,0.0232,0.0,0.0032,2e-05,,,,,,,
,,,,,,,,0.5227,5.23,100.0,,,,
8k,1.0,100.0,100.0,0.0318,0.0,0.00415,6e-05,,,,,,,
,,,,,,,,1.1178,11.18,100.0,,,,
16k,1.0,100.0,100.0,0.05566,0.0,0.00384,4e-05,,,,,,,
,,,,,,,,2.1557,21.56,100.0,,,,
32k,1.0,100.0,100.0,0.12524,0.0,0.00494,5e-05,,,,,,,
,,,,,,,,4.6758,46.76,100.0,,,,
64k,1.0,100.0,100.0,0.21582,0.0,0.00367,0.00038,,,,,,,
,,,,,,,,9.3857,93.86,100.0,,,,
128k,1.0,100.0,100.0,0.42665,0.0,0.00342,0.00031,,,,,,,
,,,,,,,,20.3882,203.88,100.0,,,,
256k,1.0,100.0,100.0,0.7838,0.0,0.00309,0.00035,,,,,,,
,,,,,,,,46.5553,465.55,100.0,,,,
512k,1.0,100.0,100.0,1.49848,0.0,0.00402,0.00048,,,,,,,
,,,,,,,,111.3316,1113.32,100.0,,,,
1M,1.0,100.0,100.0,2.96225,0.0,0.00328,0.0006,,,,,,,
,,,,,,,,251.9697,2519.7,100.0,,,,
,,,,0.84,0.0,0.11,0.0,,,,0.0,10.0,939.0,0.0257
,,,,,,,,3.9498,19.75,200.0,,,,
,,,,0.57,0.0,0.12,0.0,,,,1.0,10.0,1020.0,0.0416
,,,,,,,,3.9498,19.75,200.0,,,,
,,,,0.52,0.0,0.13,0.0,,,,2.0,11.0,941.0,0.0328
,,,,,,,,3.9498,19.75,200.0,,,,
,,,,0.55,0.0,0.09,0.0,,,,3.0,9.0,989.0,0.028
,,,,,,,,3.9498,19.75,200.0,,,,
,,,,0.55,0.0,0.1,0.0,,,,4.0,10.0,995.0,0.0526
,,,,,,,,3.9498,19.75,200.0,,,,
,,,,0.49,0.0,0.1,0.0,,,,5.0,10.0,905.0,0.0263
,,,,,,,,3.9498,19.75,200.0,,,,
,,,,0.57,0.0,0.1,0.0,,,,6.0,10.0,997.0,0.0129
,,,,,,,,3.9498,19.75,200.0,,,,
,,,,0.55,0.0,0.12,0.0,,,,7.0,12.0,1012.0,0.0431
,,,,,,,,3.9498,19.75,200.0,,,,
,,,,0.53,0.0,0.12,0.0,,,,8.0,10.0,959.0,0.0297
,,,,,,,,3.9498,19.75,200.0,,,,
,,,,0.57,0.0,0.1,0.0,,,,9.0,9.0,961.0,0.0114
,,,,,,,,3.9498,19.75,200.0,,,,
,,,,0.52,0.0,0.11,0.0,,,,10.0,9.0,940.0,0.0298
,,,,,,,,3.9498,19.75,200.0,,,,
,,,,0.56,0.0,0.1,0.0,,,,11.0,10.0,1013.0,0.0347
,,,,,,,,3.9498,19.75,200.0,,,,
,,,,0.57,0.0,0.13,0.0,,,,12.0,13.0,1016.0,0.0481
,,,,,,,,3.9498,19.75,200.0,,,,
,,,,0.55,0.0,0.13,0.0,,,,13.0,10.0,1011.0,0.0313
,,,,,,,,3.9498,19.75,200.0,,,,
,,,,0.55,0.0,0.09,0.0,,,,14.0,9.0,992.0,0.0223
,,,,,,,,3.9498,19.75,200.0,,,,
,,,,0.5,0.0,0.11,0.0,,,,15.0,11.0,920.0,0.0472
,,,,,,,,3.9498,19.75,200.0,,,,
,,,,0.53,0.0,0.12,0.0,,,,16.0,10.0,971.0,0.0387
,,,,,,,,3.9498,19.75,200.0,,,,
,,,,0.55,0.0,0.11,0.0,,,,17.0,11.0,1021.0,0.033
,,,,,,,,3.9498,19.75,200.0,,,,
,,,,0.53,0.0,0.14,0.0,,,,18.0,11.0,951.0,0.0287
,,,,,,,,3.9498,19.75,200.0,,,,
,,,,0.22,0.0,0.05,0.0,,,,19.0,5.0,382.0,0.0201
,,,,,,,,3.9498,19.75,200.0,,,,
,,,,2.3314,0.0,0.13483,0.00205,,,,0.0,10.0,7550.0,0.113
,,,,,,,,3.9838,19.92,200.0,,,,
,,,,2.02316,0.0,0.05601,0.00163,,,,1.0,9.0,7284.0,0.107
,,,,,,,,3.9838,19.92,200.0,,,,
,,,,2.28776,0.0,0.06294,0.00201,,,,2.0,11.0,7512.0,0.1565
,,,,,,,,3.9838,19.92,200.0,,,,
,,,,2.24336,0.0,0.10759,0.0017,,,,3.0,9.0,8001.0,0.0958
,,,,,,,,3.9838,19.92,200.0,,,,
,,,,2.11624,0.0,0.05714,0.00188,,,,4.0,10.0,8004.0,0.1386
,,,,,,,,3.9838,19.92,200.0,,,,
,,,,2.28641,0.0,0.06355,0.00191,,,,5.0,10.0,7478.0,0.0587
,,,,,,,,3.9838,19.92,200.0,,,,
,,,,2.34841,0.0,0.03939,0.00178,,,,6.0,10.0,7759.0,0.0315
,,,,,,,,3.9838,19.92,200.0,,,,
,,,,2.38399,0.0,0.13762,0.00218,,,,7.0,12.0,8107.0,0.1494
,,,,,,,,3.9838,19.92,200.0,,,,
,,,,2.00213,0.0,0.11127,0.00193,,,,8.0,10.0,7719.0,0.0648
,,,,,,,,3.9838,19.92,200.0,,,,
,,,,2.26041,0.0,0.03779,0.00166,,,,9.0,9.0,7789.0,0.0139
,,,,,,,,3.9838,19.92,200.0,,,,
,,,,2.35114,0.0,0.05507,0.00181,,,,10.0,9.0,7793.0,0.1236
,,,,,,,,3.9838,19.92,200.0,,,,
,,,,2.22749,0.0,0.11613,0.00182,,,,11.0,10.0,7891.0,0.0904
,,,,,,,,3.9838,19.92,200.0,,,,
,,,,1.99039,0.0,0.05212,0.00204,,,,12.0,12.0,7600.0,0.1762
,,,,,,,,3.9838,19.92,200.0,,,,
,,,,2.31231,0.0,0.04125,0.00182,,,,13.0,10.0,7706.0,0.1514
,,,,,,,,3.9838,19.92,200.0,,,,
,,,,2.40124,0.0,0.05262,0.00187,,,,14.0,9.0,8053.0,0.0654
,,,,,,,,3.9838,19.92,200.0,,,,
,,,,2.10692,0.0,0.13037,0.00194,,,,15.0,11.0,7934.0,0.0901
,,,,,,,,3.9838,19.92,200.0,,,,
,,,,1.9996,0.0,0.04547,0.00171,,,,16.0,10.0,7231.0,0.1441
,,,,,,,,3.9838,19.92,200.0,,,,
,,,,2.24304,0.0,0.04307,0.00152,,,,17.0,9.0,7270.0,0.1233
,,,,,,,,3.9838,19.92,200.0,,,,
,,,,2.03576,0.0,0.13124,0.00217,,,,18.0,11.0,8073.0,0.1014
,,,,,,,,3.9838,19.92,200.0,,,,
,,,,1.5873,0.0,0.10909,0.00142,,,,19.0,9.0,5424.0,0.0899
,,,,,,,,3.9838,19.92,200.0,,,,
,,,,1.38,0.0,0.09,0.0,,,,0.0,10.0,3772.0,0.0661
,,,,,,,,3.8927,19.46,200.0,,,,
,,,,1.01,0.0,0.08,0.0,,,,1.0,9.0,3639.0,0.136
,,,,,,,,3.8927,19.46,200.0,,,,
,,,,1.07,0.0,0.1,0.0,,,,2.0,11.0,3755.0,0.161
,,,,,,,,3.8927,19.46,200.0,,,,
,,,,1.13,0.0,0.07,0.0,,,,3.0,9.0,3999.0,0.0594
,,,,,,,,3.8927,19.46,200.0,,,,
,,,,1.28,0.0,0.08,0.0,,,,4.0,10.0,3999.0,0.1397
,,,,,,,,3.8927,19.46,200.0,,,,
,,,,1.15,0.0,0.09,0.0,,,,5.0,11.0,4095.0,0.0555
,,,,,,,,3.8927,19.46,200.0,,,,
,,,,1.13,0.0,0.08,0.0,,,,6.0,10.0,4004.0,0.0286
,,,,,,,,3.8927,19.46,200.0,,,,
,,,,1.2,0.0,0.07,0.0,,,,7.0,12.0,4059.0,0.1043
,,,,,,,,3.8927,19.46,200.0,,,,
,,,,1.12,0.0,0.08,0.0,,,,8.0,10.0,3854.0,0.0697
,,,,,,,,3.8927,19.46,200.0,,,,
,,,,1.07,0.0,0.07,0.0,,,,9.0,9.0,3856.0,0.0
,,,,,,,,3.8927,19.46,200.0,,,,
,,,,1.1,0.0,0.07,0.0,,,,10.0,9.0,3774.0,0.0744
,,,,,,,,3.8927,19.46,200.0,,,,
,,,,1.16,0.0,0.09,0.0,,,,11.0,10.0,4058.0,0.0671
,,,,,,,,3.8927,19.46,200.0,,,,
,,,,1.16,0.0,0.11,0.0,,,,12.0,13.0,4089.0,0.1117
,,,,,,,,3.8927,19.46,200.0,,,,
,,,,1.18,0.0,0.08,0.0,,,,13.0,10.0,4061.0,0.0585
,,,,,,,,3.8927,19.46,200.0,,,,
,,,,1.17,0.0,0.07,0.0,,,,14.0,9.0,3983.0,0.074
,,,,,,,,3.8927,19.46,200.0,,,,
,,,,1.05,0.0,0.09,0.0,,,,15.0,11.0,3693.0,0.0888
,,,,,,,,3.8927,19.46,200.0,,,,
,,,,1.13,0.0,0.08,0.0,,,,16.0,10.0,3899.0,0.0811
,,,,,,,,3.8927,19.46,200.0,,,,
,,,,1.09,0.0,0.08,0.0,,,,17.0,10.0,3735.0,0.0585
,,,,,,,,3.8927,19.46,200.0,,,,
,,,,1.04,0.0,0.1,0.0,,,,18.0,11.0,3695.0,0.0754
,,,,,,,,3.8927,19.46,200.0,,,,
,,,,0.6,0.0,0.05,0.0,,,,19.0,6.0,2020.0,0.0222
,,,,,,,,3.8927,19.46,200.0,,,,
,,,,1.08,0.0,0.1,0.0,,,,0.0,10.0,1884.0,0.0525
,,,,,,,,4.3684,21.84,200.0,,,,
,,,,0.82,0.0,0.08,0.0,,,,1.0,10.0,2047.0,0.0763
,,,,,,,,4.3684,21.84,200.0,,,,
,,,,0.73,0.0,0.09,0.0,,,,2.0,11.0,1887.0,0.067
,,,,,,,,4.3684,21.84,200.0,,,,
,,,,0.79,0.0,0.09,0.0,,,,3.0,9.0,1984.0,0.0553
,,,,,,,,4.3684,21.84,200.0,,,,
,,,,0.8,0.0,0.07,0.0,,,,4.0,10.0,1997.0,0.0954
,,,,,,,,4.3684,21.84,200.0,,,,
,,,,0.76,0.0,0.08,0.0,,,,5.0,10.0,1813.0,0.0358
,,,,,,,,4.3684,21.84,200.0,,,,
,,,,0.84,0.0,0.08,0.0,,,,6.0,10.0,1999.0,0.0205
,,,,,,,,4.3684,21.84,200.0,,,,
,,,,0.81,0.0,0.12,0.0,,,,7.0,12.0,2029.0,0.0742
,,,,,,,,4.3684,21.84,200.0,,,,
,,,,0.93,0.0,0.1,0.0,,,,8.0,10.0,1924.0,0.0556
,,,,,,,,4.3684,21.84,200.0,,,,
,,,,0.79,0.0,0.08,0.0,,,,9.0,9.0,1925.0,0.0179
,,,,,,,,4.3684,21.84,200.0,,,,
,,,,0.75,0.0,0.07,0.0,,,,10.0,9.0,1886.0,0.0467
,,,,,,,,4.3684,21.84,200.0,,,,
,,,,0.85,0.0,0.07,0.0,,,,11.0,10.0,2027.0,0.0433
,,,,,,,,4.3684,21.84,200.0,,,,
,,,,0.82,0.0,0.08,0.0,,,,12.0,13.0,2040.0,0.0753
,,,,,,,,4.3684,21.84,200.0,,,,
,,,,0.79,0.0,0.06,0.0,,,,13.0,10.0,2028.0,0.0503
,,,,,,,,4.3684,21.84,200.0,,,,
,,,,0.79,0.0,0.06,0.0,,,,14.0,9.0,1988.0,0.0429
,,,,,,,,4.3684,21.84,200.0,,,,
,,,,0.72,0.0,0.07,0.0,,,,15.0,11.0,1844.0,0.0543
,,,,,,,,4.3684,21.84,200.0,,,,
,,,,0.76,0.0,0.07,0.0,,,,16.0,10.0,1947.0,0.064
,,,,,,,,4.3684,21.84,200.0,,,,
,,,,0.81,0.0,0.09,0.0,,,,17.0,11.0,2048.0,0.0541
,,,,,,,,4.3684,21.84,200.0,,,,
,,,,0.77,0.0,0.08,0.0,,,,18.0,11.0,1908.0,0.0464
,,,,,,,,4.3684,21.84,200.0,,,,
,,,,0.31,0.0,0.05,0.0,,,,19.0,5.0,765.0,0.0387
,,,,,,,,4.3684,21.84,200.0,,,,
1k,1.0,100.0,100.0,0.00539,0.10445,0.0035,0.0001,,,,,,,
,,,,,,,,0.1162,1.16,100.0,,,,
2k,1.0,100.0,100.0,0.00704,0.12867,0.00355,0.0001,,,,,,,
,,,,,,,,0.25,2.5,100.0,,,,
4k,1.0,100.0,100.0,0.00989,0.12597,0.00349,0.0001,,,,,,,
,,,,,,,,0.5104,5.1,100.0,,,,
8k,1.0,100.0,100.0,0.01935,0.12921,0.00368,0.00014,,,,,,,
,,,,,,,,1.0751,10.75,100.0,,,,
16k,1.0,100.0,100.0,0.03629,0.11137,0.00351,9e-05,,,,,,,
,,,,,,,,2.1842,21.84,100.0,,,,
32k,1.0,100.0,100.0,0.07262,0.12081,0.00373,0.00012,,,,,,,
,,,,,,,,4.7668,47.67,100.0,,,,
64k,1.0,100.0,100.0,0.13119,0.11054,0.0035,0.0001,,,,,,,
,,,,,,,,9.309,93.09,100.0,,,,
128k,1.0,100.0,100.0,0.28076,0.11988,0.00355,0.00011,,,,,,,
,,,,,,,,20.1281,201.28,100.0,,,,
256k,1.0,100.0,100.0,0.54519,0.13846,0.00399,0.00012,,,,,,,
,,,,,,,,47.7111,477.11,100.0,,,,
512k,1.0,100.0,100.0,1.05228,0.15216,0.00369,0.00014,,,,,,,
,,,,,,,,115.1117,1151.12,100.0,,,,
1M,1.0,100.0,100.0,2.03755,0.16573,0.00384,0.00016,,,,,,,
,,,,,,,,246.325,2463.25,100.0,,,,
0k,0.97,100.0,97.0,0.00458,0.11514,0.00347,0.00032,,,,,,,
,,,,,,,,0.0207,0.21,100.0,,,,
1k,1.0,100.0,100.0,0.01218,0.12111,0.00371,0.00013,,,,,,,
,,,,,,,,0.1103,1.1,100.0,,,,
2k,1.0,100.0,100.0,0.0232,0.10979,0.00356,0.00062,,,,,,,
,,,,,,,,0.246,2.46,100.0,,,,
4k,1.0,100.0,100.0,0.04133,0.12363,0.00366,0.00022,,,,,,,
,,,,,,,,0.558,5.58,100.0,,,,
8k,1.0,100.0,100.0,0.08172,0.12734,0.00454,0.00025,,,,,,,
,,,,,,,,1.0755,10.75,100.0,,,,
16k,1.0,100.0,100.0,0.15156,0.13334,0.00471,0.00193,,,,,,,
,,,,,,,,2.1609,21.61,100.0,,,,
32k,0.99,100.0,99.0,0.33118,0.11522,0.00379,0.00022,,,,,,,
,,,,,,,,4.5657,45.66,100.0,,,,
64k,1.0,100.0,100.0,0.60348,0.11675,0.00476,0.00046,,,,,,,
,,,,,,,,9.7864,97.86,100.0,,,,
128k,1.0,100.0,100.0,1.27145,0.12458,0.00388,0.0013,,,,,,,
,,,,,,,,20.9655,209.66,100.0,,,,
256k,1.0,100.0,100.0,2.56684,0.13094,0.0051,0.00027,,,,,,,
,,,,,,,,45.6691,456.69,100.0,,,,
512k,1.0,100.0,100.0,5.38843,0.12775,0.00469,0.00029,,,,,,,
,,,,,,,,109.2857,1092.86,100.0,,,,
1M,0.99,100.0,99.0,10.63681,0.1438,0.00479,0.00181,,,,,,,
,,,,,,,,243.9389,2439.39,100.0,,,,
1k,1.0,100.0,100.0,0.00689,0.11839,0.00418,0.00148,,,,,,,
,,,,,,,,0.1105,1.11,100.0,,,,
2k,1.0,100.0,100.0,0.01678,0.18055,0.00598,0.00057,,,,,,,
,,,,,,,,0.2503,2.5,100.0,,,,
4k,1.0,100.0,100.0,0.02451,0.11182,0.00336,0.00161,,,,,,,
,,,,,,,,0.5181,5.18,100.0,,,,
8k,1.0,100.0,100.0,0.0459,0.11446,0.0035,0.00115,,,,,,,
,,,,,,,,1.1006,11.01,100.0,,,,
16k,1.0,100.0,100.0,0.08165,0.13316,0.00366,0.00034,,,,,,,
,,,,,,,,2.1822,21.82,100.0,,,,
32k,1.0,100.0,100.0,0.17405,0.10961,0.00338,0.00172,,,,,,,
,,,,,,,,4.6796,46.8,100.0,,,,
64k,1.0,100.0,100.0,0.31385,0.11054,0.00356,0.00155,,,,,,,
,,,,,,,,9.6168,96.17,100.0,,,,
128k,1.0,100.0,100.0,0.66573,0.11592,0.00359,0.00235,,,,,,,
,,,,,,,,20.3621,203.62,100.0,,,,
256k,1.0,100.0,100.0,1.33334,0.11985,0.00385,0.00074,,,,,,,
,,,,,,,,46.3326,463.33,100.0,,,,
512k,1.0,100.0,100.0,2.62112,0.12621,0.00396,0.00052,,,,,,,
,,,,,,,,108.3255,1083.25,100.0,,,,
1M,1.0,100.0,100.0,5.49698,0.12368,0.00465,0.00021,,,,,,,
,,,,,,,,209.2917,2092.92,100.0,,,,
1k,1.0,100.0,100.0,0.00649,0.10762,0.00352,0.0001,,,,,,,
,,,,,,,,0.11,1.1,100.0,,,,
2k,1.0,100.0,100.0,0.00777,0.10736,0.00353,0.00011,,,,,,,
,,,,,,,,0.2495,2.5,100.0,,,,
4k,1.0,100.0,100.0,0.0135,0.11269,0.00348,0.0001,,,,,,,
,,,,,,,,0.5591,5.59,100.0,,,,
8k,1.0,100.0,100.0,0.02793,0.11565,0.0035,0.0001,,,,,,,
,,,,,,,,1.0842,10.84,100.0,,,,
16k,1.0,100.0,100.0,0.04884,0.12338,0.00355,0.0001,,,,,,,
,,,,,,,,2.1929,21.93,100.0,,,,
32k,1.0,100.0,100.0,0.10291,0.11724,0.00356,0.0001,,,,,,,
,,,,,,,,4.8761,48.76,100.0,,,,
64k,1.0,100.0,100.0,0.18759,0.10639,0.00348,0.00012,,,,,,,
,,,,,,,,9.6342,96.34,100.0,,,,
128k,1.0,100.0,100.0,0.39127,0.11875,0.00373,0.0001,,,,,,,
,,,,,,,,21.1652,211.65,100.0,,,,
256k,1.0,100.0,100.0,0.83625,0.13476,0.00455,0.00017,,,,,,,
,,,,,,,,46.301,463.01,100.0,,,,
512k,1.0,100.0,100.0,1.50925,0.12437,0.00372,0.00013,,,,,,,
,,,,,,,,110.6746,1106.75,100.0,,,,
1M,1.0,100.0,100.0,2.91416,0.1236,0.00386,0.00016,,,,,,,
,,,,,,,,245.7805,2457.8,100.0,,,,
,,,,0.57,1.69,0.06,0.01,,,,0.0,10.0,939.0,0.0257
,,,,,,,,4.0806,20.4,200.0,,,,
,,,,0.31,0.11,0.05,0.01,,,,1.0,10.0,1020.0,0.0416
,,,,,,,,4.0806,20.4,200.0,,,,
,,,,0.28,0.12,0.05,0.0,,,,2.0,11.0,941.0,0.0328
,,,,,,,,4.0806,20.4,200.0,,,,
,,,,0.29,0.11,0.04,0.0,,,,3.0,9.0,989.0,0.028
,,,,,,,,4.0806,20.4,200.0,,,,
,,,,0.3,0.11,0.05,0.01,,,,4.0,10.0,995.0,0.0526
,,,,,,,,4.0806,20.4,200.0,,,,
,,,,0.29,0.15,0.07,0.01,,,,5.0,10.0,905.0,0.0263
,,,,,,,,4.0806,20.4,200.0,,,,
,,,,0.31,0.11,0.05,0.0,,,,6.0,10.0,997.0,0.0129
,,,,,,,,4.0806,20.4,200.0,,,,
,,,,0.3,0.11,0.05,0.0,,,,7.0,12.0,1012.0,0.0431
,,,,,,,,4.0806,20.4,200.0,,,,
,,,,0.29,0.1,0.05,0.01,,,,8.0,10.0,959.0,0.0297
,,,,,,,,4.0806,20.4,200.0,,,,
,,,,0.29,0.11,0.04,0.0,,,,9.0,9.0,961.0,0.0114
,,,,,,,,4.0806,20.4,200.0,,,,
,,,,0.28,0.11,0.04,0.0,,,,10.0,9.0,940.0,0.0298
,,,,,,,,4.0806,20.4,200.0,,,,
,,,,0.3,0.11,0.05,0.01,,,,11.0,10.0,1013.0,0.0347
,,,,,,,,4.0806,20.4,200.0,,,,
,,,,0.3,0.11,0.06,0.01,,,,12.0,13.0,1016.0,0.0481
,,,,,,,,4.0806,20.4,200.0,,,,
,,,,0.3,0.11,0.05,0.0,,,,13.0,10.0,1011.0,0.0313
,,,,,,,,4.0806,20.4,200.0,,,,
,,,,0.29,0.11,0.04,0.0,,,,14.0,9.0,992.0,0.0223
,,,,,,,,4.0806,20.4,200.0,,,,
,,,,0.28,0.13,0.04,0.01,,,,15.0,11.0,920.0,0.0472
,,,,,,,,4.0806,20.4,200.0,,,,
,,,,0.29,0.13,0.05,0.01,,,,16.0,10.0,971.0,0.0387
,,,,,,,,4.0806,20.4,200.0,,,,
,,,,0.31,0.14,0.05,0.01,,,,17.0,11.0,1021.0,0.033
,,,,,,,,4.0806,20.4,200.0,,,,
,,,,0.28,0.11,0.05,0.01,,,,18.0,11.0,951.0,0.0287
,,,,,,,,4.0806,20.4,200.0,,,,
,,,,0.11,0.11,0.02,0.0,,,,19.0,5.0,382.0,0.0201
,,,,,,,,4.0806,20.4,200.0,,,,
,,,,1.88742,1.68745,0.15,0.00472,,,,0.0,10.0,7550.0,0.113
,,,,,,,,3.9926,19.96,200.0,,,,
,,,,1.98121,0.11536,0.0325,0.00514,,,,1.0,9.0,7284.0,0.107
,,,,,,,,3.9926,19.96,200.0,,,,
,,,,1.87106,0.10243,0.14271,0.01203,,,,2.0,11.0,7512.0,0.1565
,,,,,,,,3.9926,19.96,200.0,,,,
,,,,2.54593,0.10741,0.03103,0.00325,,,,3.0,9.0,8001.0,0.0958
,,,,,,,,3.9926,19.96,200.0,,,,
,,,,1.80768,0.09914,0.12755,0.00392,,,,4.0,10.0,8004.0,0.1386
,,,,,,,,3.9926,19.96,200.0,,,,
,,,,2.59033,0.09823,0.05405,0.00464,,,,5.0,10.0,7478.0,0.0587
,,,,,,,,3.9926,19.96,200.0,,,,
,,,,1.57321,0.10019,0.05657,0.01111,,,,6.0,10.0,7759.0,0.0315
,,,,,,,,3.9926,19.96,200.0,,,,
,,,,3.28082,0.10303,0.05073,0.0133,,,,7.0,12.0,8107.0,0.1494
,,,,,,,,3.9926,19.96,200.0,,,,
,,,,1.59036,0.09941,0.13089,0.00209,,,,8.0,10.0,7719.0,0.0648
,,,,,,,,3.9926,19.96,200.0,,,,
,,,,2.83838,0.10037,0.04938,0.00589,,,,9.0,9.0,7789.0,0.0139
,,,,,,,,3.9926,19.96,200.0,,,,
,,,,1.58102,0.10021,0.0524,0.00407,,,,10.0,9.0,7793.0,0.1236
,,,,,,,,3.9926,19.96,200.0,,,,
,,,,3.05508,0.10238,0.03439,0.00245,,,,11.0,10.0,7891.0,0.0904
,,,,,,,,3.9926,19.96,200.0,,,,
,,,,1.56175,0.0991,0.06244,0.01302,,,,12.0,12.0,7600.0,0.1762
,,,,,,,,3.9926,19.96,200.0,,,,
,,,,2.9631,0.10009,0.05673,0.00305,,,,13.0,10.0,7706.0,0.1514
,,,,,,,,3.9926,19.96,200.0,,,,
,,,,1.66935,0.10295,0.03006,0.00895,,,,14.0,9.0,8053.0,0.0654
,,,,,,,,3.9926,19.96,200.0,,,,
,,,,2.63395,0.09836,0.13615,0.00704,,,,15.0,11.0,7934.0,0.0901
,,,,,,,,3.9926,19.96,200.0,,,,
,,,,1.70185,0.09993,0.05534,0.00565,,,,16.0,10.0,7231.0,0.1441
,,,,,,,,3.9926,19.96,200.0,,,,
,,,,1.83212,0.1245,0.11689,0.01125,,,,17.0,9.0,7270.0,0.1233
,,,,,,,,3.9926,19.96,200.0,,,,
,,,,2.60999,0.10395,0.03552,0.00397,,,,18.0,11.0,8073.0,0.1014
,,,,,,,,3.9926,19.96,200.0,,,,
,,,,1.11502,0.09849,0.03031,0.00398,,,,19.0,9.0,5424.0,0.0899
,,,,,,,,3.9926,19.96,200.0,,,,
,,,,0.98,1.56,0.06,0.0,,,,0.0,10.0,3772.0,0.0661
,,,,,,,,4.0243,20.12,200.0,,,,
,,,,0.67,0.11,0.04,0.0,,,,1.0,9.0,3639.0,0.136
,,,,,,,,4.0243,20.12,200.0,,,,
,,,,0.69,0.11,0.05,0.0,,,,2.0,11.0,3755.0,0.161
,,,,,,,,4.0243,20.12,200.0,,,,
,,,,0.73,0.11,0.04,0.0,,,,3.0,9.0,3999.0,0.0594
,,,,,,,,4.0243,20.12,200.0,,,,
,,,,0.87,0.11,0.05,0.0,,,,4.0,10.0,3999.0,0.1397
,,,,,,,,4.0243,20.12,200.0,,,,
,,,,0.74,0.11,0.05,0.0,,,,5.0,11.0,4095.0,0.0555
,,,,,,,,4.0243,20.12,200.0,,,,
,,,,0.73,0.13,0.04,0.0,,,,6.0,10.0,4004.0,0.0286
,,,,,,,,4.0243,20.12,200.0,,,,
,,,,0.75,0.11,0.05,0.0,,,,7.0,12.0,4059.0,0.1043
,,,,,,,,4.0243,20.12,200.0,,,,
,,,,0.71,0.11,0.04,0.0,,,,8.0,10.0,3854.0,0.0697
,,,,,,,,4.0243,20.12,200.0,,,,
,,,,0.71,0.11,0.04,0.0,,,,9.0,9.0,3856.0,0.0
,,,,,,,,4.0243,20.12,200.0,,,,
,,,,0.69,0.11,0.04,0.0,,,,10.0,9.0,3774.0,0.0744
,,,,,,,,4.0243,20.12,200.0,,,,
,,,,0.76,0.11,0.05,0.0,,,,11.0,10.0,4058.0,0.0671
,,,,,,,,4.0243,20.12,200.0,,,,
,,,,0.74,0.11,0.06,0.0,,,,12.0,13.0,4089.0,0.1117
,,,,,,,,4.0243,20.12,200.0,,,,
,,,,0.74,0.11,0.05,0.0,,,,13.0,10.0,4061.0,0.0585
,,,,,,,,4.0243,20.12,200.0,,,,
,,,,0.74,0.11,0.04,0.0,,,,14.0,9.0,3983.0,0.074
,,,,,,,,4.0243,20.12,200.0,,,,
,,,,0.67,0.11,0.05,0.0,,,,15.0,11.0,3693.0,0.0888
,,,,,,,,4.0243,20.12,200.0,,,,
,,,,0.69,0.11,0.05,0.0,,,,16.0,10.0,3899.0,0.0811
,,,,,,,,4.0243,20.12,200.0,,,,
,,,,0.68,0.11,0.05,0.0,,,,17.0,10.0,3735.0,0.0585
,,,,,,,,4.0243,20.12,200.0,,,,
,,,,0.66,0.11,0.05,0.0,,,,18.0,11.0,3695.0,0.0754
,,,,,,,,4.0243,20.12,200.0,,,,
,,,,0.37,0.11,0.03,0.0,,,,19.0,6.0,2020.0,0.0222
,,,,,,,,4.0243,20.12,200.0,,,,
,,,,0.67,1.58,0.06,0.0,,,,0.0,10.0,1884.0,0.0525
,,,,,,,,4.0033,20.02,200.0,,,,
,,,,0.45,0.11,0.05,0.0,,,,1.0,10.0,2047.0,0.0763
,,,,,,,,4.0033,20.02,200.0,,,,
,,,,0.4,0.11,0.05,0.0,,,,2.0,11.0,1887.0,0.067
,,,,,,,,4.0033,20.02,200.0,,,,
,,,,0.42,0.11,0.04,0.0,,,,3.0,9.0,1984.0,0.0553
,,,,,,,,4.0033,20.02,200.0,,,,
,,,,0.43,0.11,0.05,0.0,,,,4.0,10.0,1997.0,0.0954
,,,,,,,,4.0033,20.02,200.0,,,,
,,,,0.39,0.11,0.05,0.0,,,,5.0,10.0,1813.0,0.0358
,,,,,,,,4.0033,20.02,200.0,,,,
,,,,0.43,0.1,0.04,0.0,,,,6.0,10.0,1999.0,0.0205
,,,,,,,,4.0033,20.02,200.0,,,,
,,,,0.44,0.12,0.06,0.0,,,,7.0,12.0,2029.0,0.0742
,,,,,,,,4.0033,20.02,200.0,,,,
,,,,0.56,0.12,0.05,0.0,,,,8.0,10.0,1924.0,0.0556
,,,,,,,,4.0033,20.02,200.0,,,,
,,,,0.42,0.13,0.03,0.0,,,,9.0,9.0,1925.0,0.0179
,,,,,,,,4.0033,20.02,200.0,,,,
,,,,0.4,0.12,0.03,0.0,,,,10.0,9.0,1886.0,0.0467
,,,,,,,,4.0033,20.02,200.0,,,,
,,,,0.43,0.11,0.03,0.0,,,,11.0,10.0,2027.0,0.0433
,,,,,,,,4.0033,20.02,200.0,,,,
,,,,0.44,0.12,0.04,0.0,,,,12.0,13.0,2040.0,0.0753
,,,,,,,,4.0033,20.02,200.0,,,,
,,,,0.43,0.11,0.03,0.0,,,,13.0,10.0,2028.0,0.0503
,,,,,,,,4.0033,20.02,200.0,,,,
,,,,0.43,0.11,0.03,0.0,,,,14.0,9.0,1988.0,0.0429
,,,,,,,,4.0033,20.02,200.0,,,,
,,,,0.39,0.11,0.04,0.0,,,,15.0,11.0,1844.0,0.0543
,,,,,,,,4.0033,20.02,200.0,,,,
,,,,0.41,0.12,0.03,0.0,,,,16.0,10.0,1947.0,0.064
,,,,,,,,4.0033,20.02,200.0,,,,
,,,,0.44,0.11,0.04,0.0,,,,17.0,11.0,2048.0,0.0541
,,,,,,,,4.0033,20.02,200.0,,,,
,,,,0.41,0.12,0.04,0.0,,,,18.0,11.0,1908.0,0.0464
,,,,,,,,4.0033,20.02,200.0,,,,
,,,,0.16,0.1,0.02,0.0,,,,19.0,5.0,765.0,0.0387
,,,,,,,,4.0033,20.02,200.0,,,,
1k,1.0,100.0,100.0,0.0052,0.00689,0.00368,2e-05,,,,,,,
,,,,,,,,0.1106,1.11,100.0,,,,
2k,1.0,100.0,100.0,0.00587,0.00677,0.00369,3e-05,,,,,,,
,,,,,,,,0.2525,2.52,100.0,,,,
4k,1.0,100.0,100.0,0.00914,0.00686,0.00368,3e-05,,,,,,,
,,,,,,,,0.5428,5.43,100.0,,,,
8k,1.0,100.0,100.0,0.0177,0.00762,0.00377,3e-05,,,,,,,
,,,,,,,,1.0718,10.72,100.0,,,,
16k,1.0,100.0,100.0,0.03321,0.00763,0.00372,3e-05,,,,,,,
,,,,,,,,2.2639,22.64,100.0,,,,
32k,1.0,100.0,100.0,0.07137,0.00878,0.00369,4e-05,,,,,,,
,,,,,,,,4.9428,49.43,100.0,,,,
64k,1.0,100.0,100.0,0.13004,0.01043,0.00372,4e-05,,,,,,,
,,,,,,,,9.7361,97.36,100.0,,,,
128k,1.0,100.0,100.0,0.27593,0.01494,0.00379,5e-05,,,,,,,
,,,,,,,,20.5066,205.07,100.0,,,,
256k,1.0,100.0,100.0,0.54648,0.02244,0.00376,7e-05,,,,,,,
,,,,,,,,47.0898,470.9,100.0,,,,
512k,1.0,100.0,100.0,1.04522,0.03416,0.00441,6e-05,,,,,,,
,,,,,,,,114.7277,1147.28,100.0,,,,
1M,1.0,100.0,100.0,2.05119,0.06089,0.00413,6e-05,,,,,,,
,,,,,,,,253.1677,2531.68,100.0,,,,
0k,0.97,100.0,97.0,0.00383,0.00683,0.00367,2e-05,,,,,,,
,,,,,,,,0.0226,0.23,100.0,,,,
1k,1.0,100.0,100.0,0.00979,0.00731,0.0036,3e-05,,,,,,,
,,,,,,,,0.1123,1.12,100.0,,,,
2k,1.0,100.0,100.0,0.02023,0.00763,0.00368,3e-05,,,,,,,
,,,,,,,,0.256,2.56,100.0,,,,
4k,1.0,100.0,100.0,0.03748,0.00835,0.00364,4e-05,,,,,,,
,,,,,,,,0.5531,5.53,100.0,,,,
8k,1.0,100.0,100.0,0.08081,0.01107,0.00368,4e-05,,,,,,,
,,,,,,,,1.1378,11.38,100.0,,,,
16k,1.0,100.0,100.0,0.14987,0.01485,0.00372,5e-05,,,,,,,
,,,,,,,,2.2831,22.83,100.0,,,,
32k,1.0,100.0,100.0,0.32281,0.02114,0.00397,5e-05,,,,,,,
,,,,,,,,4.774,47.74,100.0,,,,
64k,1.0,100.0,100.0,0.58508,0.03316,0.00386,6e-05,,,,,,,
,,,,,,,,9.6505,96.51,100.0,,,,
128k,0.99,100.0,99.0,1.27084,0.06345,0.00416,5e-05,,,,,,,
,,,,,,,,21.1234,211.23,100.0,,,,
256k,0.99,100.0,99.0,2.53484,0.13576,0.0048,7e-05,,,,,,,
,,,,,,,,45.7458,457.46,100.0,,,,
512k,1.0,100.0,100.0,5.51519,0.24568,0.00516,9e-05,,,,,,,
,,,,,,,,112.9674,1129.67,100.0,,,,
1M,1.0,100.0,100.0,11.11312,0.53339,0.00489,0.00011,,,,,,,
,,,,,,,,240.6162,2406.16,100.0,,,,
1k,1.0,100.0,100.0,0.00625,0.00696,0.00363,3e-05,,,,,,,
,,,,,,,,0.1101,1.1,100.0,,,,
2k,1.0,100.0,100.0,0.01113,0.00709,0.00366,3e-05,,,,,,,
,,,,,,,,0.2576,2.58,100.0,,,,
4k,1.0,100.0,100.0,0.02111,0.00986,0.00302,2e-05,,,,,,,
,,,,,,,,0.5324,5.32,100.0,,,,
8k,1.0,100.0,100.0,0.0429,0.00858,0.00372,5e-05,,,,,,,
,,,,,,,,1.0783,10.78,100.0,,,,
16k,1.0,100.0,100.0,0.0827,0.01067,0.00413,4e-05,,,,,,,
,,,,,,,,2.1624,21.62,100.0,,,,
32k,1.0,100.0,100.0,0.17953,0.01553,0.00378,5e-05,,,,,,,
,,,,,,,,4.6447,46.45,100.0,,,,
64k,1.0,100.0,100.0,0.31903,0.0199,0.0037,5e-05,,,,,,,
,,,,,,,,9.8501,98.5,100.0,,,,
128k,1.0,100.0,100.0,0.68996,0.03704,0.0047,6e-05,,,,,,,
,,,,,,,,21.5158,215.16,100.0,,,,
256k,1.0,100.0,100.0,1.30275,0.06231,0.00382,6e-05,,,,,,,
,,,,,,,,48.7459,487.46,100.0,,,,
512k,1.0,100.0,100.0,2.50701,0.11518,0.00433,6e-05,,,,,,,
,,,,,,,,106.4779,1064.78,100.0,,,,
1M,1.0,100.0,100.0,5.66274,0.28791,0.00599,0.0001,,,,,,,
,,,,,,,,209.5333,2095.33,100.0,,,,
1k,1.0,100.0,100.0,0.00515,0.00705,0.0037,3e-05,,,,,,,
,,,,,,,,0.1144,1.14,100.0,,,,
2k,1.0,100.0,100.0,0.00677,0.00739,0.00381,3e-05,,,,,,,
,,,,,,,,0.238,2.38,100.0,,,,
4k,1.0,100.0,100.0,0.01294,0.00722,0.00371,3e-05,,,,,,,
,,,,,,,,0.5229,5.23,100.0,,,,
8k,1.0,100.0,100.0,0.02601,0.00773,0.00368,3e-05,,,,,,,
,,,,,,,,1.1128,11.13,100.0,,,,
16k,1.0,100.0,100.0,0.04489,0.00846,0.00367,4e-05,,,,,,,
,,,,,,,,2.1928,21.93,100.0,,,,
32k,1.0,100.0,100.0,0.10576,0.01042,0.00372,5e-05,,,,,,,
,,,,,,,,4.8416,48.42,100.0,,,,
64k,1.0,100.0,100.0,0.19208,0.01497,0.00383,5e-05,,,,,,,
,,,,,,,,9.3689,93.69,100.0,,,,
128k,1.0,100.0,100.0,0.38923,0.02208,0.00378,4e-05,,,,,,,
,,,,,,,,20.8382,208.38,100.0,,,,
256k,1.0,100.0,100.0,0.79336,0.03748,0.00385,6e-05,,,,,,,
,,,,,,,,49.3203,493.2,100.0,,,,
512k,1.0,100.0,100.0,1.44978,0.06005,0.00415,7e-05,,,,,,,
,,,,,,,,112.7268,1127.27,100.0,,,,
1M,1.0,100.0,100.0,2.93458,0.11645,0.00445,7e-05,,,,,,,
,,,,,,,,257.3125,2573.12,100.0,,,,
,,,,0.84,0.02,0.11,0.0,,,,0.0,10.0,939.0,0.0257
,,,,,,,,3.9912,19.96,200.0,,,,
,,,,0.56,0.02,0.11,0.0,,,,1.0,10.0,1020.0,0.0416
,,,,,,,,3.9912,19.96,200.0,,,,
,,,,0.54,0.01,0.12,0.0,,,,2.0,11.0,941.0,0.0328
,,,,,,,,3.9912,19.96,200.0,,,,
,,,,0.56,0.01,0.1,0.0,,,,3.0,9.0,989.0,0.028
,,,,,,,,3.9912,19.96,200.0,,,,
,,,,0.57,0.01,0.11,0.0,,,,4.0,10.0,995.0,0.0509
,,,,,,,,3.9912,19.96,200.0,,,,
,,,,0.51,0.01,0.11,0.0,,,,5.0,10.0,905.0,0.0263
,,,,,,,,3.9912,19.96,200.0,,,,
,,,,0.58,0.02,0.13,0.0,,,,6.0,10.0,997.0,0.0129
,,,,,,,,3.9912,19.96,200.0,,,,
,,,,0.6,0.02,0.12,0.0,,,,7.0,12.0,1012.0,0.0431
,,,,,,,,3.9912,19.96,200.0,,,,
,,,,0.54,0.01,0.11,0.0,,,,8.0,10.0,959.0,0.0297
,,,,,,,,3.9912,19.96,200.0,,,,
,,,,0.55,0.01,0.09,0.0,,,,9.0,9.0,961.0,0.0114
,,,,,,,,3.9912,19.96,200.0,,,,
,,,,0.53,0.01,0.09,0.0,,,,10.0,9.0,940.0,0.0298
,,,,,,,,3.9912,19.96,200.0,,,,
,,,,0.57,0.01,0.11,0.0,,,,11.0,10.0,1013.0,0.0347
,,,,,,,,3.9912,19.96,200.0,,,,
,,,,0.57,0.02,0.14,0.0,,,,12.0,13.0,1016.0,0.0396
,,,,,,,,3.9912,19.96,200.0,,,,
,,,,0.57,0.02,0.11,0.0,,,,13.0,10.0,1011.0,0.0313
,,,,,,,,3.9912,19.96,200.0,,,,
,,,,0.55,0.01,0.1,0.0,,,,14.0,9.0,992.0,0.0223
,,,,,,,,3.9912,19.96,200.0,,,,
,,,,0.52,0.01,0.12,0.0,,,,15.0,11.0,920.0,0.0471
,,,,,,,,3.9912,19.96,200.0,,,,
,,,,0.54,0.02,0.09,0.0,,,,16.0,10.0,971.0,0.0367
,,,,,,,,3.9912,19.96,200.0,,,,
,,,,0.59,0.01,0.12,0.0,,,,17.0,11.0,1021.0,0.0348
,,,,,,,,3.9912,19.96,200.0,,,,
,,,,0.53,0.01,0.11,0.0,,,,18.0,11.0,951.0,0.0287
,,,,,,,,3.9912,19.96,200.0,,,,
,,,,0.22,0.01,0.05,0.0,,,,19.0,5.0,382.0,0.0201
,,,,,,,,3.9912,19.96,200.0,,,,
,,,,2.52772,0.07114,0.06086,0.00054,,,,0.0,10.0,7550.0,0.1142
,,,,,,,,3.9645,19.82,200.0,,,,
,,,,1.86473,0.06465,0.0586,0.00046,,,,1.0,9.0,7284.0,0.0639
,,,,,,,,3.9645,19.82,200.0,,,,
,,,,2.24674,0.06101,0.06306,0.00056,,,,2.0,11.0,7512.0,0.1519
,,,,,,,,3.9645,19.82,200.0,,,,
,,,,2.3736,0.07789,0.04728,0.0005,,,,3.0,9.0,8001.0,0.1243
,,,,,,,,3.9645,19.82,200.0,,,,
,,,,2.38513,0.06509,0.05486,0.00052,,,,4.0,10.0,8004.0,0.1177
,,,,,,,,3.9645,19.82,200.0,,,,
,,,,1.9626,0.06773,0.12336,0.00055,,,,5.0,10.0,7478.0,0.0587
,,,,,,,,3.9645,19.82,200.0,,,,
,,,,2.14458,0.0687,0.04993,0.00054,,,,6.0,10.0,7759.0,0.0315
,,,,,,,,3.9645,19.82,200.0,,,,
,,,,2.68679,0.06866,0.1507,0.00063,,,,7.0,12.0,8107.0,0.0744
,,,,,,,,3.9645,19.82,200.0,,,,
,,,,2.20838,0.07629,0.05122,0.00052,,,,8.0,10.0,7719.0,0.0664
,,,,,,,,3.9645,19.82,200.0,,,,
,,,,2.33868,0.06612,0.04474,0.0008,,,,9.0,9.0,7789.0,0.0139
,,,,,,,,3.9645,19.82,200.0,,,,
,,,,2.33948,0.06791,0.04664,0.00049,,,,10.0,9.0,7793.0,0.0908
,,,,,,,,3.9645,19.82,200.0,,,,
,,,,2.20982,0.07108,0.12142,0.00056,,,,11.0,10.0,7891.0,0.0841
,,,,,,,,3.9645,19.82,200.0,,,,
,,,,1.9604,0.06622,0.11453,0.00057,,,,12.0,12.0,7600.0,0.1642
,,,,,,,,3.9645,19.82,200.0,,,,
,,,,2.21027,0.06627,0.04947,0.00053,,,,13.0,10.0,7706.0,0.166
,,,,,,,,3.9645,19.82,200.0,,,,
,,,,2.38184,0.07115,0.03929,0.00046,,,,14.0,9.0,8053.0,0.0716
,,,,,,,,3.9645,19.82,200.0,,,,
,,,,2.24126,0.06787,0.08946,0.00057,,,,15.0,11.0,7934.0,0.0706
,,,,,,,,3.9645,19.82,200.0,,,,
,,,,1.86852,0.06362,0.05281,0.00056,,,,16.0,10.0,7231.0,0.1323
,,,,,,,,3.9645,19.82,200.0,,,,
,,,,2.37713,0.06559,0.04621,0.00051,,,,17.0,9.0,7270.0,0.1233
,,,,,,,,3.9645,19.82,200.0,,,,
,,,,2.40195,0.06611,0.05294,0.00056,,,,18.0,11.0,8073.0,0.1125
,,,,,,,,3.9645,19.82,200.0,,,,
,,,,1.4822,0.0489,0.04139,0.00048,,,,19.0,9.0,5424.0,0.0768
,,,,,,,,3.9645,19.82,200.0,,,,
,,,,1.39,0.04,0.09,0.0,,,,0.0,10.0,3772.0,0.0729
,,,,,,,,3.8836,19.42,200.0,,,,
,,,,1.01,0.03,0.06,0.0,,,,1.0,9.0,3639.0,0.1264
,,,,,,,,3.8836,19.42,200.0,,,,
,,,,1.0,0.03,0.08,0.0,,,,2.0,11.0,3755.0,0.1428
,,,,,,,,3.8836,19.42,200.0,,,,
,,,,1.12,0.04,0.07,0.0,,,,3.0,9.0,3999.0,0.0674
,,,,,,,,3.8836,19.42,200.0,,,,
,,,,1.25,0.06,0.1,0.0,,,,4.0,10.0,3999.0,0.1429
,,,,,,,,3.8836,19.42,200.0,,,,
,,,,1.14,0.04,0.08,0.0,,,,5.0,11.0,4095.0,0.0542
,,,,,,,,3.8836,19.42,200.0,,,,
,,,,1.07,0.04,0.07,0.0,,,,6.0,10.0,4004.0,0.0286
,,,,,,,,3.8836,19.42,200.0,,,,
,,,,1.09,0.04,0.1,0.0,,,,7.0,12.0,4059.0,0.0927
,,,,,,,,3.8836,19.42,200.0,,,,
,,,,1.07,0.03,0.07,0.0,,,,8.0,10.0,3854.0,0.0644
,,,,,,,,3.8836,19.42,200.0,,,,
,,,,1.08,0.04,0.07,0.0,,,,9.0,9.0,3856.0,0.0074
,,,,,,,,3.8836,19.42,200.0,,,,
,,,,1.03,0.04,0.06,0.0,,,,10.0,9.0,3774.0,0.0766
,,,,,,,,3.8836,19.42,200.0,,,,
,,,,1.1,0.04,0.07,0.0,,,,11.0,10.0,4058.0,0.0657
,,,,,,,,3.8836,19.42,200.0,,,,
,,,,1.06,0.04,0.1,0.0,,,,12.0,13.0,4089.0,0.1214
,,,,,,,,3.8836,19.42,200.0,,,,
,,,,1.15,0.04,0.07,0.0,,,,13.0,10.0,4061.0,0.0735
,,,,,,,,3.8836,19.42,200.0,,,,
,,,,1.08,0.04,0.06,0.0,,,,14.0,9.0,3983.0,0.0762
,,,,,,,,3.8836,19.42,200.0,,,,
,,,,1.01,0.03,0.08,0.0,,,,15.0,11.0,3693.0,0.0882
,,,,,,,,3.8836,19.42,200.0,,,,
,,,,1.07,0.03,0.07,0.0,,,,16.0,10.0,3899.0,0.0853
,,,,,,,,3.8836,19.42,200.0,,,,
,,,,1.01,0.04,0.07,0.0,,,,17.0,10.0,3735.0,0.0685
,,,,,,,,3.8836,19.42,200.0,,,,
,,,,1.02,0.03,0.08,0.0,,,,18.0,11.0,3695.0,0.075
,,,,,,,,3.8836,19.42,200.0,,,,
,,,,0.56,0.02,0.04,0.0,,,,19.0,6.0,2020.0,0.0222
,,,,,,,,3.8836,19.42,200.0,,,,
,,,,1.12,0.02,0.11,0.0,,,,0.0,10.0,1884.0,0.0525
,,,,,,,,4.0684,20.34,200.0,,,,
,,,,0.9,0.02,0.09,0.0,,,,1.0,10.0,2047.0,0.0763
,,,,,,,,4.0684,20.34,200.0,,,,
,,,,0.82,0.02,0.1,0.0,,,,2.0,11.0,1887.0,0.067
,,,,,,,,4.0684,20.34,200.0,,,,
,,,,0.86,0.02,0.08,0.0,,,,3.0,9.0,1984.0,0.0553
,,,,,,,,4.0684,20.34,200.0,,,,
,,,,0.87,0.02,0.09,0.0,,,,4.0,10.0,1997.0,0.0954
,,,,,,,,4.0684,20.34,200.0,,,,
,,,,0.79,0.02,0.1,0.0,,,,5.0,10.0,1813.0,0.0429
,,,,,,,,4.0684,20.34,200.0,,,,
,,,,0.88,0.02,0.09,0.0,,,,6.0,10.0,1999.0,0.0205
,,,,,,,,4.0684,20.34,200.0,,,,
,,,,0.89,0.02,0.11,0.0,,,,7.0,12.0,2029.0,0.0696
,,,,,,,,4.0684,20.34,200.0,,,,
,,,,1.0,0.02,0.1,0.0,,,,8.0,10.0,1924.0,0.0524
,,,,,,,,4.0684,20.34,200.0,,,,
,,,,0.85,0.02,0.08,0.0,,,,9.0,9.0,1925.0,0.0179
,,,,,,,,4.0684,20.34,200.0,,,,
,,,,0.83,0.02,0.09,0.0,,,,10.0,9.0,1886.0,0.046
,,,,,,,,4.0684,20.34,200.0,,,,
,,,,0.89,0.02,0.09,0.0,,,,11.0,10.0,2027.0,0.0437
,,,,,,,,4.0684,20.34,200.0,,,,
,,,,0.9,0.02,0.13,0.0,,,,12.0,13.0,2040.0,0.0768
,,,,,,,,4.0684,20.34,200.0,,,,
,,,,0.89,0.02,0.1,0.0,,,,13.0,10.0,2028.0,0.0503
,,,,,,,,4.0684,20.34,200.0,,,,
,,,,0.88,0.02,0.09,0.0,,,,14.0,9.0,1988.0,0.0429
,,,,,,,,4.0684,20.34,200.0,,,,
,,,,0.82,0.02,0.1,0.0,,,,15.0,11.0,1844.0,0.0579
,,,,,,,,4.0684,20.34,200.0,,,,
,,,,0.87,0.02,0.1,0.0,,,,16.0,10.0,1947.0,0.0636
,,,,,,,,4.0684,20.34,200.0,,,,
,,,,0.91,0.02,0.11,0.0,,,,17.0,11.0,2048.0,0.0541
,,,,,,,,4.0684,20.34,200.0,,,,
,,,,0.84,0.02,0.11,0.0,,,,18.0,11.0,1908.0,0.0459
,,,,,,,,4.0684,20.34,200.0,,,,
,,,,0.34,0.01,0.05,0.0,,,,19.0,5.0,765.0,0.0387
,,,,,,,,4.0684,20.34,200.0,,,,
1k,1.0,100.0,100.0,0.00554,0.00241,0.00365,0.00032,,,,,,,
,,,,,,,,0.1119,1.12,100.0,,,,
2k,1.0,100.0,100.0,0.00664,0.00272,0.00418,0.0002,,,,,,,
,,,,,,,,0.2544,2.54,100.0,,,,
4k,1.0,100.0,100.0,0.01011,0.00266,0.00366,0.0002,,,,,,,
,,,,,,,,0.5497,5.5,100.0,,,,
8k,1.0,100.0,100.0,0.01896,0.00306,0.00422,0.0002,,,,,,,
,,,,,,,,1.1806,11.81,100.0,,,,
16k,1.0,100.0,100.0,0.03528,0.00351,0.00369,0.00023,,,,,,,
,,,,,,,,2.281,22.81,100.0,,,,
32k,1.0,100.0,100.0,0.07204,0.00385,0.00409,0.00334,,,,,,,
,,,,,,,,4.6672,46.67,100.0,,,,
64k,1.0,100.0,100.0,0.12773,0.00384,0.00304,0.0002,,,,,,,
,,,,,,,,9.3786,93.79,100.0,,,,
128k,1.0,100.0,100.0,0.26991,0.00506,0.00302,0.00021,,,,,,,
,,,,,,,,20.7727,207.73,100.0,,,,
256k,1.0,100.0,100.0,0.57,0.0107,0.00384,0.00042,,,,,,,
,,,,,,,,48.595,485.95,100.0,,,,
512k,1.0,100.0,100.0,1.03839,0.01441,0.00317,0.00039,,,,,,,
,,,,,,,,116.3112,1163.11,100.0,,,,
1M,1.0,100.0,100.0,2.05108,0.03041,0.00326,0.00211,,,,,,,
,,,,,,,,254.7446,2547.45,100.0,,,,
0k,0.97,100.0,97.0,0.00382,0.00231,0.00361,0.00066,,,,,,,
,,,,,,,,0.0228,0.23,100.0,,,,
1k,1.0,100.0,100.0,0.01193,0.00785,0.00392,0.00033,,,,,,,
,,,,,,,,0.115,1.15,100.0,,,,
2k,1.0,100.0,100.0,0.02315,0.00288,0.00373,0.00032,,,,,,,
,,,,,,,,0.2506,2.51,100.0,,,,
4k,0.99,100.0,99.0,0.04069,0.00358,0.00415,0.00022,,,,,,,
,,,,,,,,0.5438,5.44,100.0,,,,
8k,1.0,100.0,100.0,0.08375,0.00425,0.00373,0.00039,,,,,,,
,,,,,,,,1.0793,10.79,100.0,,,,
16k,1.0,100.0,100.0,0.15493,0.00567,0.00367,0.00041,,,,,,,
,,,,,,,,2.1717,21.72,100.0,,,,
32k,1.0,100.0,100.0,0.32796,0.01025,0.00312,0.00036,,,,,,,
,,,,,,,,5.0586,50.59,100.0,,,,
64k,1.0,100.0,100.0,0.57575,0.01522,0.00319,0.0004,,,,,,,
,,,,,,,,9.9641,99.64,100.0,,,,
128k,0.99,100.0,99.0,1.21841,0.0245,0.00317,0.00042,,,,,,,
,,,,,,,,22.0857,220.86,100.0,,,,
256k,1.0,100.0,100.0,2.54856,0.04905,0.00332,0.00045,,,,,,,
,,,,,,,,45.3231,453.23,100.0,,,,
512k,1.0,100.0,100.0,5.40982,0.29129,0.0043,0.00056,,,,,,,
,,,,,,,,108.5555,1085.55,100.0,,,,
1M,1.0,100.0,100.0,10.72362,0.58492,0.00458,0.00075,,,,,,,
,,,,,,,,217.1346,2171.35,100.0,,,,
1k,1.0,100.0,100.0,0.00783,0.00283,0.00365,0.00023,,,,,,,
,,,,,,,,0.1216,1.22,100.0,,,,
2k,1.0,100.0,100.0,0.01387,0.00576,0.00425,0.00037,,,,,,,
,,,,,,,,0.2897,2.9,100.0,,,,
4k,1.0,100.0,100.0,0.02418,0.00319,0.00428,0.00032,,,,,,,
,,,,,,,,0.5815,5.81,100.0,,,,
8k,1.0,100.0,100.0,0.04523,0.00362,0.00414,0.00021,,,,,,,
,,,,,,,,1.0495,10.49,100.0,,,,
16k,1.0,100.0,100.0,0.07899,0.00396,0.0034,0.00038,,,,,,,
,,,,,,,,2.2553,22.55,100.0,,,,
32k,1.0,100.0,100.0,0.17355,0.00665,0.00368,0.00042,,,,,,,
,,,,,,,,4.6265,46.26,100.0,,,,
64k,1.0,100.0,100.0,0.30314,0.00804,0.00303,0.00037,,,,,,,
,,,,,,,,9.387,93.87,100.0,,,,
128k,1.0,100.0,100.0,0.65163,0.01703,0.00321,0.00033,,,,,,,
,,,,,,,,21.9801,219.8,100.0,,,,
256k,1.0,100.0,100.0,1.2915,0.02543,0.00347,0.0004,,,,,,,
,,,,,,,,45.9864,459.86,100.0,,,,
512k,0.99,100.0,99.0,2.49809,0.04496,0.0035,0.00045,,,,,,,
,,,,,,,,108.1868,1081.87,100.0,,,,
1M,1.0,100.0,100.0,5.56096,0.10029,0.00457,0.00063,,,,,,,
,,,,,,,,254.2992,2542.99,100.0,,,,
1k,1.0,100.0,100.0,0.00612,0.00273,0.00425,0.0003,,,,,,,
,,,,,,,,0.1119,1.12,100.0,,,,
2k,1.0,100.0,100.0,0.00803,0.00247,0.00366,0.0002,,,,,,,
,,,,,,,,0.2421,2.42,100.0,,,,
4k,1.0,100.0,100.0,0.01448,0.00307,0.00423,0.00022,,,,,,,
,,,,,,,,0.5126,5.13,100.0,,,,
8k,1.0,100.0,100.0,0.02709,0.00297,0.00369,0.00031,,,,,,,
,,,,,,,,1.0684,10.68,100.0,,,,
16k,1.0,100.0,100.0,0.04807,0.00357,0.00412,0.00023,,,,,,,
,,,,,,,,2.1704,21.7,100.0,,,,
32k,1.0,100.0,100.0,0.10365,0.00435,0.00351,0.00035,,,,,,,
,,,,,,,,4.5958,45.96,100.0,,,,
64k,1.0,100.0,100.0,0.18439,0.0054,0.00311,0.0002,,,,,,,
,,,,,,,,9.3485,93.49,100.0,,,,
128k,1.0,100.0,100.0,0.37931,0.00799,0.00311,0.00035,,,,,,,
,,,,,,,,20.0766,200.77,100.0,,,,
256k,1.0,100.0,100.0,0.78306,0.01524,0.00313,0.00038,,,,,,,
,,,,,,,,45.5792,455.79,100.0,,,,
512k,1.0,100.0,100.0,1.48929,0.02458,0.00309,0.00043,,,,,,,
,,,,,,,,108.0324,1080.32,100.0,,,,
1M,1.0,100.0,100.0,3.00189,0.04635,0.00385,0.00047,,,,,,,
,,,,,,,,253.9879,2539.88,100.0,,,,
,,,,0.87,0.02,0.11,0.0,,,,0.0,10.0,939.0,0.0244
,,,,,,,,4.2037,21.02,200.0,,,,
,,,,0.58,0.01,0.11,0.0,,,,1.0,10.0,1020.0,0.0359
,,,,,,,,4.2037,21.02,200.0,,,,
,,,,0.54,0.01,0.12,0.0,,,,2.0,11.0,941.0,0.0299
,,,,,,,,4.2037,21.02,200.0,,,,
,,,,0.54,0.01,0.1,0.0,,,,3.0,9.0,989.0,0.0227
,,,,,,,,4.2037,21.02,200.0,,,,
,,,,0.56,0.01,0.11,0.0,,,,4.0,10.0,995.0,0.0532
,,,,,,,,4.2037,21.02,200.0,,,,
,,,,0.51,0.01,0.1,0.0,,,,5.0,10.0,905.0,0.0208
,,,,,,,,4.2037,21.02,200.0,,,,
,,,,0.55,0.01,0.11,0.0,,,,6.0,10.0,997.0,0.0137
,,,,,,,,4.2037,21.02,200.0,,,,
,,,,0.58,0.01,0.13,0.0,,,,7.0,12.0,1012.0,0.0345
,,,,,,,,4.2037,21.02,200.0,,,,
,,,,0.54,0.01,0.1,0.0,,,,8.0,10.0,959.0,0.0218
,,,,,,,,4.2037,21.02,200.0,,,,
,,,,0.54,0.01,0.09,0.0,,,,9.0,9.0,961.0,0.011
,,,,,,,,4.2037,21.02,200.0,,,,
,,,,0.54,0.01,0.1,0.0,,,,10.0,9.0,940.0,0.0281
,,,,,,,,4.2037,21.02,200.0,,,,
,,,,0.57,0.01,0.11,0.0,,,,11.0,10.0,1013.0,0.0319
,,,,,,,,4.2037,21.02,200.0,,,,
,,,,0.58,0.01,0.14,0.0,,,,12.0,13.0,1016.0,0.043
,,,,,,,,4.2037,21.02,200.0,,,,
,,,,0.57,0.01,0.11,0.0,,,,13.0,10.0,1011.0,0.0268
,,,,,,,,4.2037,21.02,200.0,,,,
,,,,0.56,0.01,0.1,0.0,,,,14.0,9.0,992.0,0.0245
,,,,,,,,4.2037,21.02,200.0,,,,
,,,,0.53,0.01,0.12,0.0,,,,15.0,11.0,920.0,0.0396
,,,,,,,,4.2037,21.02,200.0,,,,
,,,,0.56,0.01,0.1,0.0,,,,16.0,10.0,971.0,0.0414
,,,,,,,,4.2037,21.02,200.0,,,,
,,,,0.57,0.01,0.12,0.0,,,,17.0,11.0,1021.0,0.0325
,,,,,,,,4.2037,21.02,200.0,,,,
,,,,0.52,0.01,0.12,0.0,,,,18.0,11.0,951.0,0.0278
,,,,,,,,4.2037,21.02,200.0,,,,
,,,,0.23,0.0,0.05,0.0,,,,19.0,5.0,382.0,0.0201
,,,,,,,,4.2037,21.02,200.0,,,,
,,,,2.60281,0.03215,0.06358,0.0024,,,,0.0,10.0,7550.0,0.0872
,,,,,,,,3.875,19.37,200.0,,,,
,,,,1.87158,0.02811,0.11267,0.00359,,,,1.0,9.0,7284.0,0.0921
,,,,,,,,3.875,19.37,200.0,,,,
,,,,2.17935,0.02568,0.05848,0.00272,,,,2.0,11.0,7512.0,0.1147
,,,,,,,,3.875,19.37,200.0,,,,
,,,,2.36076,0.02753,0.05063,0.00226,,,,3.0,9.0,8001.0,0.0573
,,,,,,,,3.875,19.37,200.0,,,,
,,,,2.23792,0.02957,0.11878,0.00444,,,,4.0,10.0,8004.0,0.1026
,,,,,,,,3.875,19.37,200.0,,,,
,,,,1.91927,0.02801,0.04168,0.00238,,,,5.0,10.0,7478.0,0.074
,,,,,,,,3.875,19.37,200.0,,,,
,,,,2.32992,0.02759,0.04373,0.00247,,,,6.0,10.0,7759.0,0.0167
,,,,,,,,3.875,19.37,200.0,,,,
,,,,2.66485,0.02499,0.06191,0.00437,,,,7.0,12.0,8107.0,0.1356
,,,,,,,,3.875,19.37,200.0,,,,
,,,,2.32108,0.03211,0.06108,0.00244,,,,8.0,10.0,7719.0,0.0705
,,,,,,,,3.875,19.37,200.0,,,,
,,,,2.10475,0.03002,0.11287,0.00359,,,,9.0,9.0,7789.0,0.0
,,,,,,,,3.875,19.37,200.0,,,,
,,,,2.04899,0.02629,0.04926,0.00191,,,,10.0,9.0,7793.0,0.068
,,,,,,,,3.875,19.37,200.0,,,,
,,,,2.3612,0.02748,0.05622,0.00241,,,,11.0,10.0,7891.0,0.06
,,,,,,,,3.875,19.37,200.0,,,,
,,,,2.28683,0.02553,0.06641,0.00276,,,,12.0,12.0,7600.0,0.1505
,,,,,,,,3.875,19.37,200.0,,,,
,,,,2.01858,0.02638,0.11458,0.00395,,,,13.0,10.0,7706.0,0.1181
,,,,,,,,3.875,19.37,200.0,,,,
,,,,2.18341,0.02793,0.04791,0.00256,,,,14.0,9.0,8053.0,0.081
,,,,,,,,3.875,19.37,200.0,,,,
,,,,2.32689,0.02721,0.05836,0.00277,,,,15.0,11.0,7934.0,0.0759
,,,,,,,,3.875,19.37,200.0,,,,
,,,,1.97674,0.02631,0.11599,0.00515,,,,16.0,10.0,7231.0,0.1509
,,,,,,,,3.875,19.37,200.0,,,,
,,,,2.14567,0.02589,0.04087,0.00202,,,,17.0,9.0,7270.0,0.0626
,,,,,,,,3.875,19.37,200.0,,,,
,,,,2.39341,0.02795,0.05656,0.00329,,,,18.0,11.0,8073.0,0.1206
,,,,,,,,3.875,19.37,200.0,,,,
,,,,1.4916,0.01992,0.08263,0.00297,,,,19.0,9.0,5424.0,0.1028
,,,,,,,,3.875,19.37,200.0,,,,
,,,,1.33,0.03,0.08,0.0,,,,0.0,10.0,3772.0,0.0584
,,,,,,,,3.9275,19.64,200.0,,,,
,,,,0.99,0.02,0.06,0.0,,,,1.0,9.0,3639.0,0.0403
,,,,,,,,3.9275,19.64,200.0,,,,
,,,,1.03,0.02,0.07,0.0,,,,2.0,11.0,3755.0,0.1496
,,,,,,,,3.9275,19.64,200.0,,,,
,,,,1.09,0.02,0.06,0.0,,,,3.0,9.0,3999.0,0.0495
,,,,,,,,3.9275,19.64,200.0,,,,
,,,,1.25,0.02,0.07,0.0,,,,4.0,10.0,3999.0,0.1431
,,,,,,,,3.9275,19.64,200.0,,,,
,,,,1.1,0.02,0.08,0.0,,,,5.0,11.0,4095.0,0.0409
,,,,,,,,3.9275,19.64,200.0,,,,
,,,,1.13,0.02,0.07,0.0,,,,6.0,10.0,4004.0,0.0235
,,,,,,,,3.9275,19.64,200.0,,,,
,,,,1.1,0.02,0.08,0.0,,,,7.0,12.0,4059.0,0.0897
,,,,,,,,3.9275,19.64,200.0,,,,
,,,,1.06,0.02,0.07,0.0,,,,8.0,10.0,3854.0,0.0616
,,,,,,,,3.9275,19.64,200.0,,,,
,,,,1.05,0.02,0.07,0.0,,,,9.0,9.0,3856.0,0.0093
,,,,,,,,3.9275,19.64,200.0,,,,
,,,,1.04,0.02,0.06,0.0,,,,10.0,9.0,3774.0,0.0686
,,,,,,,,3.9275,19.64,200.0,,,,
,,,,1.1,0.02,0.07,0.0,,,,11.0,10.0,4058.0,0.0478
,,,,,,,,3.9275,19.64,200.0,,,,
,,,,1.07,0.02,0.09,0.0,,,,12.0,13.0,4089.0,0.1156
,,,,,,,,3.9275,19.64,200.0,,,,
,,,,1.08,0.02,0.07,0.0,,,,13.0,10.0,4061.0,0.0607
,,,,,,,,3.9275,19.64,200.0,,,,
,,,,1.1,0.02,0.06,0.0,,,,14.0,9.0,3983.0,0.0716
,,,,,,,,3.9275,19.64,200.0,,,,
,,,,0.98,0.02,0.08,0.0,,,,15.0,11.0,3693.0,0.0669
,,,,,,,,3.9275,19.64,200.0,,,,
,,,,1.05,0.02,0.06,0.0,,,,16.0,10.0,3899.0,0.0835
,,,,,,,,3.9275,19.64,200.0,,,,
,,,,1.02,0.02,0.07,0.0,,,,17.0,10.0,3735.0,0.0511
,,,,,,,,3.9275,19.64,200.0,,,,
,,,,1.02,0.01,0.07,0.0,,,,18.0,11.0,3695.0,0.0805
,,,,,,,,3.9275,19.64,200.0,,,,
,,,,0.57,0.01,0.04,0.0,,,,19.0,6.0,2020.0,0.0339
,,,,,,,,3.9275,19.64,200.0,,,,
,,,,1.09,0.02,0.09,0.0,,,,0.0,10.0,1884.0,0.0451
,,,,,,,,3.9708,19.85,200.0,,,,
,,,,0.85,0.01,0.08,0.0,,,,1.0,10.0,2047.0,0.0594
,,,,,,,,3.9708,19.85,200.0,,,,
,,,,0.78,0.01,0.09,0.0,,,,2.0,11.0,1887.0,0.0565
,,,,,,,,3.9708,19.85,200.0,,,,
,,,,0.83,0.01,0.07,0.0,,,,3.0,9.0,1984.0,0.0348
,,,,,,,,3.9708,19.85,200.0,,,,
,,,,0.83,0.01,0.08,0.0,,,,4.0,10.0,1997.0,0.0828
,,,,,,,,3.9708,19.85,200.0,,,,
,,,,0.76,0.01,0.09,0.0,,,,5.0,10.0,1813.0,0.0317
,,,,,,,,3.9708,19.85,200.0,,,,
,,,,0.84,0.01,0.09,0.0,,,,6.0,10.0,1999.0,0.0185
,,,,,,,,3.9708,19.85,200.0,,,,
,,,,0.86,0.01,0.1,0.0,,,,7.0,12.0,2029.0,0.0555
,,,,,,,,3.9708,19.85,200.0,,,,
,,,,0.95,0.01,0.09,0.0,,,,8.0,10.0,1924.0,0.0432
,,,,,,,,3.9708,19.85,200.0,,,,
,,,,0.81,0.01,0.08,0.0,,,,9.0,9.0,1925.0,0.0
,,,,,,,,3.9708,19.85,200.0,,,,
,,,,0.78,0.01,0.07,0.0,,,,10.0,9.0,1886.0,0.0391
,,,,,,,,3.9708,19.85,200.0,,,,
,,,,0.86,0.01,0.09,0.0,,,,11.0,10.0,2027.0,0.0464
,,,,,,,,3.9708,19.85,200.0,,,,
,,,,0.85,0.01,0.11,0.0,,,,12.0,13.0,2040.0,0.0653
,,,,,,,,3.9708,19.85,200.0,,,,
,,,,0.86,0.01,0.08,0.0,,,,13.0,10.0,2028.0,0.041
,,,,,,,,3.9708,19.85,200.0,,,,
,,,,0.84,0.01,0.08,0.0,,,,14.0,9.0,1988.0,0.0453
,,,,,,,,3.9708,19.85,200.0,,,,
,,,,0.78,0.01,0.09,0.0,,,,15.0,11.0,1844.0,0.0376
,,,,,,,,3.9708,19.85,200.0,,,,
,,,,0.82,0.01,0.08,0.01,,,,16.0,10.0,1947.0,0.0675
,,,,,,,,3.9708,19.85,200.0,,,,
,,,,0.87,0.01,0.09,0.0,,,,17.0,11.0,2048.0,0.0505
,,,,,,,,3.9708,19.85,200.0,,,,
,,,,0.81,0.01,0.09,0.0,,,,18.0,11.0,1908.0,0.0431
,,,,,,,,3.9708,19.85,200.0,,,,
,,,,0.33,0.0,0.04,0.0,,,,19.0,5.0,765.0,0.0299
,,,,,,,,3.9708,19.85,200.0,,,,
1k,1.0,100.0,100.0,0.00482,0.01919,0.00366,1e-05,,,,,,,
,,,,,,,,0.1095,1.09,100.0,,,,
2k,1.0,100.0,100.0,0.00602,0.0201,0.00363,2e-05,,,,,,,
,,,,,,,,0.2415,2.41,100.0,,,,
4k,1.0,100.0,100.0,0.00937,0.02048,0.00372,2e-05,,,,,,,
,,,,,,,,0.5447,5.45,100.0,,,,
8k,1.0,100.0,100.0,0.01847,0.02022,0.00367,2e-05,,,,,,,
,,,,,,,,1.0458,10.46,100.0,,,,
16k,1.0,100.0,100.0,0.03415,0.02131,0.00368,3e-05,,,,,,,
,,,,,,,,2.2208,22.21,100.0,,,,
32k,1.0,100.0,100.0,0.07448,0.02235,0.00371,4e-05,,,,,,,
,,,,,,,,4.5788,45.79,100.0,,,,
64k,1.0,100.0,100.0,0.12736,0.02291,0.0039,8e-05,,,,,,,
,,,,,,,,9.5526,95.53,100.0,,,,
128k,1.0,100.0,100.0,0.52862,0.0269,0.00454,5e-05,,,,,,,
,,,,,,,,20.8673,208.67,100.0,,,,
256k,1.0,100.0,100.0,0.54835,0.04198,0.00387,5e-05,,,,,,,
,,,,,,,,46.0773,460.77,100.0,,,,
512k,1.0,100.0,100.0,1.00669,0.05737,0.00393,6e-05,,,,,,,
,,,,,,,,114.3251,1143.25,100.0,,,,
1M,1.0,100.0,100.0,2.06358,0.11737,0.00503,7e-05,,,,,,,
,,,,,,,,247.8083,2478.08,100.0,,,,
0k,0.97,100.0,97.0,0.00381,0.01959,0.00361,1e-05,,,,,,,
,,,,,,,,0.0214,0.21,100.0,,,,
1k,1.0,100.0,100.0,0.01026,0.02036,0.00371,2e-05,,,,,,,
,,,,,,,,0.1125,1.13,100.0,,,,
2k,1.0,100.0,100.0,0.02014,0.02079,0.00372,3e-05,,,,,,,
,,,,,,,,0.2553,2.55,100.0,,,,
4k,1.0,100.0,100.0,0.03948,0.0273,0.00315,3e-05,,,,,,,
,,,,,,,,0.5273,5.27,100.0,,,,
8k,1.0,100.0,100.0,0.0802,0.02298,0.00377,5e-05,,,,,,,
,,,,,,,,1.0661,10.66,100.0,,,,
16k,1.0,100.0,100.0,0.1528,0.02745,0.00386,6e-05,,,,,,,
,,,,,,,,2.3666,23.67,100.0,,,,
32k,0.99,100.0,99.0,0.32451,0.03522,0.00378,6e-05,,,,,,,
,,,,,,,,4.4707,44.71,100.0,,,,
64k,1.0,100.0,100.0,0.56985,0.06834,0.00515,9e-05,,,,,,,
,,,,,,,,9.4233,94.23,100.0,,,,
128k,1.0,100.0,100.0,1.2532,0.13068,0.00448,9e-05,,,,,,,
,,,,,,,,21.4412,214.41,100.0,,,,
256k,1.0,100.0,100.0,2.6637,0.30619,0.00535,0.00012,,,,,,,
,,,,,,,,50.4406,504.41,100.0,,,,
512k,1.0,100.0,100.0,5.60124,0.54911,0.00499,0.00011,,,,,,,
,,,,,,,,108.3254,1083.25,100.0,,,,
1M,0.98,100.0,98.0,10.69998,1.66482,0.00507,0.00018,,,,,,,
,,,,,,,,220.8859,2208.86,100.0,,,,
1k,1.0,100.0,100.0,0.00557,0.02034,0.00368,2e-05,,,,,,,
,,,,,,,,0.109,1.09,100.0,,,,
2k,1.0,100.0,100.0,0.01199,0.01937,0.00364,2e-05,,,,,,,
,,,,,,,,0.2438,2.44,100.0,,,,
4k,1.0,100.0,100.0,0.02269,0.02115,0.00387,3e-05,,,,,,,
,,,,,,,,0.5103,5.1,100.0,,,,
8k,1.0,100.0,100.0,0.05792,0.03222,0.00428,7e-05,,,,,,,
,,,,,,,,1.1777,11.78,100.0,,,,
16k,1.0,100.0,100.0,0.0808,0.02182,0.00379,5e-05,,,,,,,
,,,,,,,,2.4314,24.31,100.0,,,,
32k,1.0,100.0,100.0,0.17277,0.02765,0.00391,6e-05,,,,,,,
,,,,,,,,4.5637,45.64,100.0,,,,
64k,1.0,100.0,100.0,0.30336,0.03671,0.00387,6e-05,,,,,,,
,,,,,,,,9.4687,94.69,100.0,,,,
128k,1.0,100.0,100.0,0.64698,0.06537,0.00408,6e-05,,,,,,,
,,,,,,,,20.4529,204.53,100.0,,,,
256k,1.0,100.0,100.0,1.30236,0.14942,0.00428,9e-05,,,,,,,
,,,,,,,,45.2705,452.71,100.0,,,,
512k,1.0,100.0,100.0,2.69929,0.27462,0.00575,0.00018,,,,,,,
,,,,,,,,108.2294,1082.29,100.0,,,,
1M,1.0,100.0,100.0,6.10521,0.86838,0.00524,0.00016,,,,,,,
,,,,,,,,241.7359,2417.36,100.0,,,,
1k,1.0,100.0,100.0,0.00524,0.02063,0.00372,2e-05,,,,,,,
,,,,,,,,0.1102,1.1,100.0,,,,
2k,1.0,100.0,100.0,0.00708,0.01983,0.00365,2e-05,,,,,,,
,,,,,,,,0.2524,2.52,100.0,,,,
4k,1.0,100.0,100.0,0.01339,0.02013,0.00372,2e-05,,,,,,,
,,,,,,,,0.5327,5.33,100.0,,,,
8k,1.0,100.0,100.0,0.02678,0.02665,0.00322,4e-05,,,,,,,
,,,,,,,,1.0286,10.29,100.0,,,,
16k,1.0,100.0,100.0,0.04562,0.02096,0.00372,3e-05,,,,,,,
,,,,,,,,2.3089,23.09,100.0,,,,
32k,1.0,100.0,100.0,0.10331,0.02299,0.00371,4e-05,,,,,,,
,,,,,,,,4.6762,46.76,100.0,,,,
64k,1.0,100.0,100.0,0.18836,0.02662,0.00383,5e-05,,,,,,,
,,,,,,,,9.6186,96.19,100.0,,,,
128k,1.0,100.0,100.0,0.39952,0.03994,0.00503,7e-05,,,,,,,
,,,,,,,,21.1528,211.53,100.0,,,,
256k,1.0,100.0,100.0,0.78027,0.07593,0.00404,7e-05,,,,,,,
,,,,,,,,47.0712,470.71,100.0,,,,
512k,1.0,100.0,100.0,1.57953,0.12088,0.00486,0.0001,,,,,,,
,,,,,,,,114.7186,1147.19,100.0,,,,
1M,1.0,100.0,100.0,2.98421,0.26542,0.00579,0.00011,,,,,,,
,,,,,,,,250.7488,2507.49,100.0,,,,
,,,,0.84,0.03,0.11,0.0,,,,0.0,10.0,939.0,0.0257
,,,,,,,,3.9238,19.62,200.0,,,,
,,,,0.57,0.03,0.1,0.0,,,,1.0,10.0,1020.0,0.0416
,,,,,,,,3.9238,19.62,200.0,,,,
,,,,0.55,0.03,0.12,0.0,,,,2.0,11.0,941.0,0.0328
,,,,,,,,3.9238,19.62,200.0,,,,
,,,,0.55,0.03,0.1,0.0,,,,3.0,9.0,989.0,0.028
,,,,,,,,3.9238,19.62,200.0,,,,
,,,,0.56,0.03,0.1,0.0,,,,4.0,10.0,995.0,0.0526
,,,,,,,,3.9238,19.62,200.0,,,,
,,,,0.52,0.03,0.11,0.0,,,,5.0,10.0,905.0,0.0263
,,,,,,,,3.9238,19.62,200.0,,,,
,,,,0.57,0.03,0.11,0.0,,,,6.0,10.0,997.0,0.0129
,,,,,,,,3.9238,19.62,200.0,,,,
,,,,0.58,0.03,0.12,0.0,,,,7.0,12.0,1012.0,0.0431
,,,,,,,,3.9238,19.62,200.0,,,,
,,,,0.55,0.03,0.14,0.0,,,,8.0,10.0,959.0,0.0297
,,,,,,,,3.9238,19.62,200.0,,,,
,,,,0.58,0.03,0.1,0.0,,,,9.0,9.0,961.0,0.0114
,,,,,,,,3.9238,19.62,200.0,,,,
,,,,0.53,0.03,0.1,0.0,,,,10.0,9.0,940.0,0.0298
,,,,,,,,3.9238,19.62,200.0,,,,
,,,,0.57,0.03,0.1,0.0,,,,11.0,10.0,1013.0,0.0347
,,,,,,,,3.9238,19.62,200.0,,,,
,,,,0.59,0.03,0.13,0.0,,,,12.0,13.0,1016.0,0.0481
,,,,,,,,3.9238,19.62,200.0,,,,
,,,,0.59,0.03,0.11,0.0,,,,13.0,10.0,1011.0,0.0313
,,,,,,,,3.9238,19.62,200.0,,,,
,,,,0.55,0.03,0.1,0.0,,,,14.0,9.0,992.0,0.0223
,,,,,,,,3.9238,19.62,200.0,,,,
,,,,0.53,0.03,0.12,0.0,,,,15.0,11.0,920.0,0.0472
,,,,,,,,3.9238,19.62,200.0,,,,
,,,,0.56,0.03,0.1,0.0,,,,16.0,10.0,971.0,0.0387
,,,,,,,,3.9238,19.62,200.0,,,,
,,,,0.59,0.03,0.12,0.0,,,,17.0,11.0,1021.0,0.033
,,,,,,,,3.9238,19.62,200.0,,,,
,,,,0.54,0.03,0.11,0.0,,,,18.0,11.0,951.0,0.0287
,,,,,,,,3.9238,19.62,200.0,,,,
,,,,0.22,0.03,0.05,0.0,,,,19.0,5.0,382.0,0.0201
,,,,,,,,3.9238,19.62,200.0,,,,
,,,,2.44059,0.13094,0.061,0.00062,,,,0.0,10.0,7550.0,0.113
,,,,,,,,3.8745,19.37,200.0,,,,
,,,,2.19876,0.11929,0.04537,0.00048,,,,1.0,9.0,7284.0,0.107
,,,,,,,,3.8745,19.37,200.0,,,,
,,,,2.18027,0.12332,0.05514,0.00065,,,,2.0,11.0,7512.0,0.1565
,,,,,,,,3.8745,19.37,200.0,,,,
,,,,2.06238,0.12153,0.11136,0.00053,,,,3.0,9.0,8001.0,0.1095
,,,,,,,,3.8745,19.37,200.0,,,,
,,,,2.11168,0.12236,0.05034,0.00058,,,,4.0,10.0,8004.0,0.1386
,,,,,,,,3.8745,19.37,200.0,,,,
,,,,2.29331,0.14551,0.0552,0.00122,,,,5.0,10.0,7478.0,0.0587
,,,,,,,,3.8745,19.37,200.0,,,,
,,,,2.33536,0.13616,0.04684,0.00109,,,,6.0,10.0,7759.0,0.0133
,,,,,,,,3.8745,19.37,200.0,,,,
,,,,2.66738,0.13671,0.05869,0.0007,,,,7.0,12.0,8107.0,0.1494
,,,,,,,,3.8745,19.37,200.0,,,,
,,,,2.28057,0.13275,0.05196,0.00057,,,,8.0,10.0,7719.0,0.0648
,,,,,,,,3.8745,19.37,200.0,,,,
,,,,2.29136,0.13584,0.04746,0.00053,,,,9.0,9.0,7789.0,0.0139
,,,,,,,,3.8745,19.37,200.0,,,,
,,,,2.17074,0.12572,0.11112,0.00053,,,,10.0,9.0,7793.0,0.1236
,,,,,,,,3.8745,19.37,200.0,,,,
,,,,2.01197,0.13344,0.12226,0.00067,,,,11.0,10.0,7891.0,0.075
,,,,,,,,3.8745,19.37,200.0,,,,
,,,,2.10582,0.12478,0.06131,0.00072,,,,12.0,12.0,7600.0,0.1643
,,,,,,,,3.8745,19.37,200.0,,,,
,,,,2.31054,0.1206,0.04951,0.0006,,,,13.0,10.0,7706.0,0.1668
,,,,,,,,3.8745,19.37,200.0,,,,
,,,,2.36581,0.1388,0.04013,0.00063,,,,14.0,9.0,8053.0,0.0654
,,,,,,,,3.8745,19.37,200.0,,,,
,,,,2.29566,0.13717,0.05713,0.00064,,,,15.0,11.0,7934.0,0.0901
,,,,,,,,3.8745,19.37,200.0,,,,
,,,,1.78826,0.11694,0.127,0.00108,,,,16.0,10.0,7231.0,0.1441
,,,,,,,,3.8745,19.37,200.0,,,,
,,,,2.18465,0.12541,0.04292,0.00052,,,,17.0,9.0,7270.0,0.1233
,,,,,,,,3.8745,19.37,200.0,,,,
,,,,2.37005,0.12751,0.05557,0.00063,,,,18.0,11.0,8073.0,0.1014
,,,,,,,,3.8745,19.37,200.0,,,,
,,,,1.45826,0.09245,0.04781,0.00052,,,,19.0,9.0,5424.0,0.0899
,,,,,,,,3.8745,19.37,200.0,,,,
,,,,1.33,0.07,0.11,0.0,,,,0.0,10.0,3772.0,0.0661
,,,,,,,,3.9389,19.69,200.0,,,,
,,,,1.02,0.06,0.07,0.0,,,,1.0,9.0,3639.0,0.136
,,,,,,,,3.9389,19.69,200.0,,,,
,,,,1.03,0.06,0.08,0.0,,,,2.0,11.0,3755.0,0.161
,,,,,,,,3.9389,19.69,200.0,,,,
,,,,1.11,0.07,0.07,0.0,,,,3.0,9.0,3999.0,0.0594
,,,,,,,,3.9389,19.69,200.0,,,,
,,,,1.23,0.07,0.07,0.0,,,,4.0,10.0,3999.0,0.146
,,,,,,,,3.9389,19.69,200.0,,,,
,,,,1.14,0.07,0.08,0.0,,,,5.0,11.0,4095.0,0.0555
,,,,,,,,3.9389,19.69,200.0,,,,
,,,,1.11,0.07,0.07,0.0,,,,6.0,10.0,4004.0,0.0286
,,,,,,,,3.9389,19.69,200.0,,,,
,,,,1.13,0.07,0.1,0.0,,,,7.0,12.0,4059.0,0.1043
,,,,,,,,3.9389,19.69,200.0,,,,
,,,,1.06,0.06,0.08,0.0,,,,8.0,10.0,3854.0,0.0697
,,,,,,,,3.9389,19.69,200.0,,,,
,,,,1.08,0.07,0.07,0.0,,,,9.0,9.0,3856.0,0.0
,,,,,,,,3.9389,19.69,200.0,,,,
,,,,1.08,0.07,0.08,0.0,,,,10.0,9.0,3774.0,0.0744
,,,,,,,,3.9389,19.69,200.0,,,,
,,,,1.14,0.07,0.08,0.0,,,,11.0,10.0,4058.0,0.0671
,,,,,,,,3.9389,19.69,200.0,,,,
,,,,1.16,0.07,0.1,0.0,,,,12.0,13.0,4089.0,0.1117
,,,,,,,,3.9389,19.69,200.0,,,,
,,,,1.12,0.07,0.07,0.0,,,,13.0,10.0,4061.0,0.0521
,,,,,,,,3.9389,19.69,200.0,,,,
,,,,1.13,0.07,0.08,0.0,,,,14.0,9.0,3983.0,0.074
,,,,,,,,3.9389,19.69,200.0,,,,
,,,,1.05,0.06,0.09,0.0,,,,15.0,11.0,3693.0,0.0888
,,,,,,,,3.9389,19.69,200.0,,,,
,,,,1.08,0.07,0.08,0.0,,,,16.0,10.0,3899.0,0.0811
,,,,,,,,3.9389,19.69,200.0,,,,
,,,,1.12,0.07,0.09,0.0,,,,17.0,10.0,3735.0,0.0585
,,,,,,,,3.9389,19.69,200.0,,,,
,,,,1.07,0.07,0.1,0.0,,,,18.0,11.0,3695.0,0.0754
,,,,,,,,3.9389,19.69,200.0,,,,
,,,,0.6,0.04,0.05,0.0,,,,19.0,6.0,2020.0,0.0222
,,,,,,,,3.9389,19.69,200.0,,,,
,,,,1.16,0.04,0.11,0.0,,,,0.0,10.0,1884.0,0.0525
,,,,,,,,4.0642,20.32,200.0,,,,
,,,,0.91,0.04,0.1,0.0,,,,1.0,10.0,2047.0,0.0763
,,,,,,,,4.0642,20.32,200.0,,,,
,,,,0.88,0.05,0.11,0.0,,,,2.0,11.0,1887.0,0.067
,,,,,,,,4.0642,20.32,200.0,,,,
,,,,0.9,0.04,0.1,0.0,,,,3.0,9.0,1984.0,0.0603
,,,,,,,,4.0642,20.32,200.0,,,,
,,,,0.92,0.04,0.11,0.0,,,,4.0,10.0,1997.0,0.0954
,,,,,,,,4.0642,20.32,200.0,,,,
,,,,0.82,0.04,0.1,0.0,,,,5.0,10.0,1813.0,0.0358
,,,,,,,,4.0642,20.32,200.0,,,,
,,,,0.93,0.04,0.11,0.0,,,,6.0,10.0,1999.0,0.0205
,,,,,,,,4.0642,20.32,200.0,,,,
,,,,0.92,0.04,0.13,0.0,,,,7.0,12.0,2029.0,0.0742
,,,,,,,,4.0642,20.32,200.0,,,,
,,,,1.08,0.04,0.11,0.0,,,,8.0,10.0,1924.0,0.0556
,,,,,,,,4.0642,20.32,200.0,,,,
,,,,0.88,0.04,0.1,0.0,,,,9.0,9.0,1925.0,0.0179
,,,,,,,,4.0642,20.32,200.0,,,,
,,,,0.85,0.04,0.1,0.0,,,,10.0,9.0,1886.0,0.0467
,,,,,,,,4.0642,20.32,200.0,,,,
,,,,0.92,0.04,0.11,0.0,,,,11.0,10.0,2027.0,0.0433
,,,,,,,,4.0642,20.32,200.0,,,,
,,,,0.93,0.05,0.13,0.0,,,,12.0,13.0,2040.0,0.0753
,,,,,,,,4.0642,20.32,200.0,,,,
,,,,0.93,0.04,0.1,0.0,,,,13.0,10.0,2028.0,0.0503
,,,,,,,,4.0642,20.32,200.0,,,,
,,,,0.9,0.04,0.1,0.0,,,,14.0,9.0,1988.0,0.0429
,,,,,,,,4.0642,20.32,200.0,,,,
,,,,0.85,0.05,0.11,0.0,,,,15.0,11.0,1844.0,0.0579
,,,,,,,,4.0642,20.32,200.0,,,,
,,,,0.9,0.04,0.11,0.0,,,,16.0,10.0,1947.0,0.064
,,,,,,,,4.0642,20.32,200.0,,,,
,,,,0.95,0.04,0.1,0.0,,,,17.0,11.0,2048.0,0.0541
,,,,,,,,4.0642,20.32,200.0,,,,
,,,,0.88,0.04,0.11,0.0,,,,18.0,11.0,1908.0,0.0464
,,,,,,,,4.0642,20.32,200.0,,,,
,,,,0.36,0.03,0.05,0.0,,,,19.0,5.0,765.0,0.0387
,,,,,,,,4.0642,20.32,200.0,,,,
,,,,4.33016,0.05786,0.08746,0.00598,,,,0.0,10.0,7550.0,0.113
,,,,,,,,4.0017,20.01,200.0,,,,
,,,,4.0419,0.06921,0.08025,0.00475,,,,1.0,9.0,7284.0,0.107
,,,,,,,,4.0017,20.01,200.0,,,,
,,,,4.1572,0.06469,0.10823,0.00622,,,,2.0,11.0,7512.0,0.1565
,,,,,,,,4.0017,20.01,200.0,,,,
,,,,4.32653,0.06977,0.08169,0.00544,,,,3.0,9.0,8001.0,0.0958
,,,,,,,,4.0017,20.01,200.0,,,,
,,,,4.77563,0.06658,0.08726,0.00597,,,,4.0,10.0,8004.0,0.1386
,,,,,,,,4.0017,20.01,200.0,,,,
,,,,4.16092,0.05356,0.09647,0.00573,,,,5.0,10.0,7478.0,0.0587
,,,,,,,,4.0017,20.01,200.0,,,,
,,,,4.32823,0.06833,0.08595,0.00649,,,,6.0,10.0,7759.0,0.0315
,,,,,,,,4.0017,20.01,200.0,,,,
,,,,4.49678,0.06156,0.10389,0.00668,,,,7.0,12.0,8107.0,0.1494
,,,,,,,,4.0017,20.01,200.0,,,,
,,,,4.28352,0.05781,0.10343,0.00728,,,,8.0,10.0,7719.0,0.0648
,,,,,,,,4.0017,20.01,200.0,,,,
,,,,4.30556,0.05468,0.0807,0.00543,,,,9.0,9.0,7789.0,0.0139
,,,,,,,,4.0017,20.01,200.0,,,,
,,,,4.32006,0.06394,0.08269,0.00542,,,,10.0,9.0,7793.0,0.1236
,,,,,,,,4.0017,20.01,200.0,,,,
,,,,4.31523,0.059,0.08491,0.00581,,,,11.0,10.0,7891.0,0.0904
,,,,,,,,4.0017,20.01,200.0,,,,
,,,,4.24684,0.05409,0.10382,0.00711,,,,12.0,12.0,7600.0,0.1762
,,,,,,,,4.0017,20.01,200.0,,,,
,,,,4.25593,0.05754,0.11794,0.00657,,,,13.0,10.0,7706.0,0.1514
,,,,,,,,4.0017,20.01,200.0,,,,
,,,,4.44433,0.05705,0.07631,0.00557,,,,14.0,9.0,8053.0,0.0654
,,,,,,,,4.0017,20.01,200.0,,,,
,,,,4.40156,0.06114,0.10372,0.00645,,,,15.0,11.0,7934.0,0.0901
,,,,,,,,4.0017,20.01,200.0,,,,
,,,,3.96726,0.05028,0.10137,0.00621,,,,16.0,10.0,7231.0,0.1441
,,,,,,,,4.0017,20.01,200.0,,,,
,,,,4.17596,0.05957,0.08585,0.0051,,,,17.0,9.0,7270.0,0.1233
,,,,,,,,4.0017,20.01,200.0,,,,
,,,,4.94897,0.05482,0.09781,0.00644,,,,18.0,11.0,8073.0,0.1014
,,,,,,,,4.0017,20.01,200.0,,,,
,,,,3.42162,0.05031,0.0786,0.00361,,,,19.0,9.0,5424.0,0.0899
,,,,,,,,4.0017,20.01,200.0,,,,
